timestamp,lap time,stroke count,stroke type
2023-04-11T19:48:31Z,00:00:12.000,5,SWIM_STROKE_TYPE_UNSPECIFIED
2023-04-11T19:48:54Z,00:00:10.000,5,SWIM_STROKE_TYPE_UNSPECIFIED
2023-04-11T19:51:29Z,00:00:23.000,8,SWIM_STROKE_TYPE_UNSPECIFIED
2023-04-11T19:51:59Z,00:00:16.000,6,SWIM_STROKE_TYPE_UNSPECIFIED
2023-04-11T19:52:55Z,00:00:10.000,5,SWIM_STROKE_TYPE_UNSPECIFIED
2023-04-12T03:37:57Z,00:00:15.000,5,SWIM_STROKE_TYPE_UNSPECIFIED
2023-04-12T03:49:47Z,00:00:14.000,6,SWIM_STROKE_TYPE_UNSPECIFIED
2023-04-12T07:45:26Z,00:00:09.000,5,SWIM_STROKE_TYPE_UNSPECIFIED
2023-04-13T03:36:59Z,00:00:10.000,5,SWIM_STROKE_TYPE_UNSPECIFIED
2023-04-13T03:39:01Z,00:00:46.000,20,SWIM_STROKE_TYPE_UNSPECIFIED
2023-04-13T03:40:24Z,00:00:12.000,5,SWIM_STROKE_TYPE_UNSPECIFIED
2023-04-13T03:42:40Z,00:00:27.000,14,SWIM_STROKE_TYPE_UNSPECIFIED
2023-04-13T03:43:14Z,00:00:17.000,12,SWIM_STROKE_TYPE_UNSPECIFIED
2023-04-13T03:44:54Z,00:00:14.000,9,SWIM_STROKE_TYPE_UNSPECIFIED
2023-04-13T06:52:18Z,00:00:08.000,5,SWIM_STROKE_TYPE_UNSPECIFIED
2023-04-13T19:52:29Z,00:00:12.000,5,SWIM_STROKE_TYPE_UNSPECIFIED
2023-04-13T19:54:41Z,00:00:17.000,9,SWIM_STROKE_TYPE_UNSPECIFIED
2023-04-13T19:55:21Z,00:00:08.000,5,SWIM_STROKE_TYPE_UNSPECIFIED
2023-04-13T20:04:02Z,00:00:14.000,5,SWIM_STROKE_TYPE_UNSPECIFIED
2023-04-13T23:40:51Z,00:00:11.000,6,SWIM_STROKE_TYPE_UNSPECIFIED
2023-04-14T00:10:15Z,00:00:09.000,9,SWIM_STROKE_TYPE_UNSPECIFIED
2023-04-14T04:03:43Z,00:00:21.000,9,SWIM_STROKE_TYPE_UNSPECIFIED
2023-04-14T04:05:15Z,00:00:21.000,8,SWIM_STROKE_TYPE_UNSPECIFIED
2023-04-14T04:09:25Z,00:00:27.000,9,SWIM_STROKE_TYPE_UNSPECIFIED
2023-04-14T04:55:08Z,00:00:09.000,5,SWIM_STROKE_TYPE_UNSPECIFIED
2023-04-14T04:57:03Z,00:00:13.000,6,SWIM_STROKE_TYPE_UNSPECIFIED
2023-04-14T04:58:08Z,00:00:19.000,5,SWIM_STROKE_TYPE_UNSPECIFIED
2023-04-14T05:00:01Z,00:00:43.000,7,SWIM_STROKE_TYPE_UNSPECIFIED
2023-04-14T05:01:08Z,00:00:25.000,5,SWIM_STROKE_TYPE_UNSPECIFIED
2023-04-14T05:02:01Z,00:00:25.000,6,SWIM_STROKE_TYPE_UNSPECIFIED
2023-04-14T05:04:11Z,00:00:36.000,6,SWIM_STROKE_TYPE_UNSPECIFIED
2023-04-14T21:20:51Z,00:00:15.000,6,SWIM_STROKE_TYPE_UNSPECIFIED
2023-04-14T21:34:18Z,00:00:21.000,8,SWIM_STROKE_TYPE_UNSPECIFIED
2023-04-14T21:37:17Z,00:00:19.000,8,SWIM_STROKE_TYPE_UNSPECIFIED
2023-04-14T21:38:57Z,00:00:29.000,14,SWIM_STROKE_TYPE_UNSPECIFIED
2023-04-14T21:50:31Z,00:00:11.000,5,SWIM_STROKE_TYPE_UNSPECIFIED
2023-04-14T21:50:55Z,00:00:28.000,11,SWIM_STROKE_TYPE_UNSPECIFIED
2023-04-14T21:51:35Z,00:00:15.000,7,SWIM_STROKE_TYPE_UNSPECIFIED
2023-04-14T21:58:35Z,00:00:12.000,7,SWIM_STROKE_TYPE_UNSPECIFIED
2023-04-14T22:00:59Z,00:00:09.000,5,SWIM_STROKE_TYPE_UNSPECIFIED
2023-04-14T22:05:12Z,00:00:14.000,5,SWIM_STROKE_TYPE_UNSPECIFIED
2023-04-14T22:06:50Z,00:00:24.000,10,SWIM_STROKE_TYPE_UNSPECIFIED
2023-04-14T22:09:50Z,00:00:18.000,7,SWIM_STROKE_TYPE_UNSPECIFIED
2023-04-14T22:10:13Z,00:00:13.000,6,SWIM_STROKE_TYPE_UNSPECIFIED
2023-04-14T22:11:00Z,00:00:24.000,8,SWIM_STROKE_TYPE_UNSPECIFIED
2023-04-14T22:11:48Z,00:00:14.000,7,SWIM_STROKE_TYPE_UNSPECIFIED
2023-04-14T22:12:08Z,00:00:32.000,10,SWIM_STROKE_TYPE_UNSPECIFIED
2023-04-14T22:12:53Z,00:00:26.000,7,SWIM_STROKE_TYPE_UNSPECIFIED
2023-04-14T22:13:26Z,00:00:08.000,5,SWIM_STROKE_TYPE_UNSPECIFIED
2023-04-14T22:14:54Z,00:00:12.000,6,SWIM_STROKE_TYPE_UNSPECIFIED
2023-04-14T22:23:10Z,00:00:14.000,6,SWIM_STROKE_TYPE_UNSPECIFIED
2023-04-14T22:25:05Z,00:00:20.000,7,SWIM_STROKE_TYPE_UNSPECIFIED
2023-04-14T22:25:55Z,00:00:26.000,10,SWIM_STROKE_TYPE_UNSPECIFIED
2023-04-14T22:29:31Z,00:00:18.000,9,SWIM_STROKE_TYPE_UNSPECIFIED
2023-04-14T22:35:44Z,00:00:11.000,5,SWIM_STROKE_TYPE_UNSPECIFIED
2023-04-14T22:36:41Z,00:00:27.000,8,SWIM_STROKE_TYPE_UNSPECIFIED
2023-04-14T22:38:05Z,00:00:24.000,8,SWIM_STROKE_TYPE_UNSPECIFIED
2023-04-14T22:40:39Z,00:00:14.000,8,SWIM_STROKE_TYPE_UNSPECIFIED
2023-04-14T22:41:10Z,00:00:15.000,5,SWIM_STROKE_TYPE_UNSPECIFIED
2023-04-14T22:41:38Z,00:00:29.000,10,SWIM_STROKE_TYPE_UNSPECIFIED
2023-04-14T22:47:25Z,00:00:10.000,6,SWIM_STROKE_TYPE_UNSPECIFIED
2023-04-14T22:49:14Z,00:00:21.000,8,SWIM_STROKE_TYPE_UNSPECIFIED
2023-04-14T22:49:53Z,00:00:15.000,6,SWIM_STROKE_TYPE_UNSPECIFIED
2023-04-14T22:51:59Z,00:00:19.000,6,SWIM_STROKE_TYPE_UNSPECIFIED
2023-04-14T22:53:01Z,00:00:25.000,7,SWIM_STROKE_TYPE_UNSPECIFIED
2023-04-14T22:53:50Z,00:00:24.000,5,SWIM_STROKE_TYPE_UNSPECIFIED
2023-04-14T22:54:36Z,00:00:07.000,6,SWIM_STROKE_TYPE_UNSPECIFIED
2023-04-14T22:54:58Z,00:00:54.000,23,SWIM_STROKE_TYPE_UNSPECIFIED
2023-04-14T22:56:58Z,00:00:20.000,6,SWIM_STROKE_TYPE_UNSPECIFIED
2023-04-14T22:57:29Z,00:00:54.000,23,SWIM_STROKE_TYPE_UNSPECIFIED
2023-04-14T22:59:38Z,00:00:12.000,5,SWIM_STROKE_TYPE_UNSPECIFIED
2023-04-14T23:00:39Z,00:00:30.000,13,SWIM_STROKE_TYPE_UNSPECIFIED
2023-04-14T23:01:25Z,00:00:09.000,5,SWIM_STROKE_TYPE_UNSPECIFIED
2023-04-14T23:01:56Z,00:00:20.000,9,SWIM_STROKE_TYPE_UNSPECIFIED
2023-04-14T23:02:45Z,00:00:20.000,10,SWIM_STROKE_TYPE_UNSPECIFIED
2023-04-14T23:03:19Z,00:00:16.000,5,SWIM_STROKE_TYPE_UNSPECIFIED
2023-04-14T23:03:41Z,00:00:13.000,6,SWIM_STROKE_TYPE_UNSPECIFIED
2023-04-14T23:04:16Z,00:00:32.000,14,SWIM_STROKE_TYPE_UNSPECIFIED
2023-04-14T23:05:04Z,00:00:34.000,16,SWIM_STROKE_TYPE_UNSPECIFIED
2023-04-14T23:05:46Z,00:00:13.000,6,SWIM_STROKE_TYPE_UNSPECIFIED
2023-04-14T23:06:13Z,00:00:09.000,5,SWIM_STROKE_TYPE_UNSPECIFIED
2023-04-14T23:10:01Z,00:00:15.000,6,SWIM_STROKE_TYPE_UNSPECIFIED
2023-04-14T23:12:41Z,00:00:09.000,5,SWIM_STROKE_TYPE_UNSPECIFIED
2023-04-14T23:12:58Z,00:00:08.000,5,SWIM_STROKE_TYPE_UNSPECIFIED
2023-04-14T23:14:58Z,00:00:09.000,5,SWIM_STROKE_TYPE_UNSPECIFIED
2023-04-14T23:16:08Z,00:00:19.000,6,SWIM_STROKE_TYPE_UNSPECIFIED
2023-04-14T23:19:03Z,00:00:11.000,6,SWIM_STROKE_TYPE_UNSPECIFIED
2023-04-14T23:19:20Z,00:00:19.000,9,SWIM_STROKE_TYPE_UNSPECIFIED
2023-04-14T23:20:25Z,00:00:09.000,5,SWIM_STROKE_TYPE_UNSPECIFIED
2023-04-14T23:21:26Z,00:00:12.000,5,SWIM_STROKE_TYPE_UNSPECIFIED
2023-04-14T23:38:25Z,00:00:16.000,6,SWIM_STROKE_TYPE_UNSPECIFIED
2023-04-14T23:52:58Z,00:00:14.000,6,SWIM_STROKE_TYPE_UNSPECIFIED
2023-04-15T02:37:42Z,00:00:41.000,16,SWIM_STROKE_TYPE_UNSPECIFIED
2023-04-15T19:42:46Z,00:00:19.000,9,SWIM_STROKE_TYPE_UNSPECIFIED
2023-04-15T19:53:15Z,00:00:09.000,6,SWIM_STROKE_TYPE_UNSPECIFIED
2023-04-15T20:02:37Z,00:00:16.000,5,SWIM_STROKE_TYPE_UNSPECIFIED
2023-04-16T02:42:52Z,00:00:17.000,8,SWIM_STROKE_TYPE_UNSPECIFIED
2023-04-16T02:43:15Z,00:00:15.000,7,SWIM_STROKE_TYPE_UNSPECIFIED
2023-04-16T02:45:49Z,00:00:12.000,5,SWIM_STROKE_TYPE_UNSPECIFIED
2023-04-16T02:46:30Z,00:00:34.000,12,SWIM_STROKE_TYPE_UNSPECIFIED
2023-04-16T16:12:32Z,00:00:11.000,5,SWIM_STROKE_TYPE_UNSPECIFIED
2023-04-16T19:34:12Z,00:00:08.000,5,SWIM_STROKE_TYPE_UNSPECIFIED
2023-04-16T19:36:44Z,00:00:08.000,5,SWIM_STROKE_TYPE_UNSPECIFIED
2023-04-16T19:37:12Z,00:00:27.000,10,SWIM_STROKE_TYPE_UNSPECIFIED
2023-04-16T19:39:34Z,00:00:17.000,12,SWIM_STROKE_TYPE_UNSPECIFIED
2023-04-16T19:40:09Z,00:00:28.000,12,SWIM_STROKE_TYPE_UNSPECIFIED
2023-04-16T19:44:38Z,00:00:13.000,5,SWIM_STROKE_TYPE_UNSPECIFIED
2023-04-16T23:56:59Z,00:00:18.000,7,SWIM_STROKE_TYPE_UNSPECIFIED
2023-04-17T00:19:47Z,00:00:19.000,5,SWIM_STROKE_TYPE_UNSPECIFIED
2023-04-17T00:20:19Z,00:00:35.000,8,SWIM_STROKE_TYPE_UNSPECIFIED
2023-04-17T00:21:43Z,00:00:21.000,6,SWIM_STROKE_TYPE_UNSPECIFIED
2023-04-17T00:25:09Z,00:00:14.000,5,SWIM_STROKE_TYPE_UNSPECIFIED
2023-04-17T00:25:57Z,00:00:28.000,11,SWIM_STROKE_TYPE_UNSPECIFIED
2023-04-17T01:14:34Z,00:00:16.000,6,SWIM_STROKE_TYPE_UNSPECIFIED
2023-04-17T01:47:15Z,00:00:13.000,6,SWIM_STROKE_TYPE_UNSPECIFIED
2023-04-17T01:48:20Z,00:00:24.000,7,SWIM_STROKE_TYPE_UNSPECIFIED
2023-04-17T02:52:15Z,00:00:31.000,14,SWIM_STROKE_TYPE_UNSPECIFIED
2023-04-17T02:53:06Z,00:00:29.000,15,SWIM_STROKE_TYPE_UNSPECIFIED
2023-04-17T02:55:36Z,00:00:18.000,7,SWIM_STROKE_TYPE_UNSPECIFIED
2023-04-17T03:02:46Z,00:00:24.000,8,SWIM_STROKE_TYPE_UNSPECIFIED
2023-04-17T06:41:31Z,00:00:18.000,8,SWIM_STROKE_TYPE_UNSPECIFIED
2023-04-17T15:02:24Z,00:00:13.000,6,SWIM_STROKE_TYPE_UNSPECIFIED
2023-04-17T15:02:43Z,00:00:10.000,5,SWIM_STROKE_TYPE_UNSPECIFIED
2023-04-17T15:09:53Z,00:00:08.000,6,SWIM_STROKE_TYPE_UNSPECIFIED
2023-04-17T15:10:40Z,00:00:18.000,6,SWIM_STROKE_TYPE_UNSPECIFIED
2023-04-17T17:32:53Z,00:00:18.000,6,SWIM_STROKE_TYPE_UNSPECIFIED
2023-04-17T17:37:45Z,00:00:13.000,5,SWIM_STROKE_TYPE_UNSPECIFIED
2023-04-17T17:51:31Z,00:00:31.000,16,SWIM_STROKE_TYPE_UNSPECIFIED
2023-04-17T17:52:13Z,00:00:12.000,6,SWIM_STROKE_TYPE_UNSPECIFIED
2023-04-17T18:16:31Z,00:00:11.000,6,SWIM_STROKE_TYPE_UNSPECIFIED
2023-04-17T20:45:48Z,00:00:13.000,6,SWIM_STROKE_TYPE_UNSPECIFIED
2023-04-17T21:32:05Z,00:00:15.000,10,SWIM_STROKE_TYPE_UNSPECIFIED
2023-04-17T21:49:27Z,00:00:08.000,5,SWIM_STROKE_TYPE_UNSPECIFIED
2023-04-17T22:23:51Z,00:00:08.000,6,SWIM_STROKE_TYPE_UNSPECIFIED
2023-04-17T22:26:14Z,00:00:09.000,6,SWIM_STROKE_TYPE_UNSPECIFIED
2023-04-17T22:33:09Z,00:00:10.000,5,SWIM_STROKE_TYPE_UNSPECIFIED
2023-04-17T22:36:39Z,00:00:13.000,5,SWIM_STROKE_TYPE_UNSPECIFIED
2023-04-17T22:37:53Z,00:00:21.000,6,SWIM_STROKE_TYPE_UNSPECIFIED
2023-04-17T22:38:23Z,00:00:14.000,5,SWIM_STROKE_TYPE_UNSPECIFIED
2023-04-17T22:40:50Z,00:00:18.000,5,SWIM_STROKE_TYPE_UNSPECIFIED
2023-04-17T22:41:15Z,00:00:16.000,7,SWIM_STROKE_TYPE_UNSPECIFIED
2023-04-17T22:44:32Z,00:00:13.000,7,SWIM_STROKE_TYPE_UNSPECIFIED
2023-04-17T22:45:23Z,00:00:18.000,5,SWIM_STROKE_TYPE_UNSPECIFIED
2023-04-17T22:46:20Z,00:00:36.000,13,SWIM_STROKE_TYPE_UNSPECIFIED
2023-04-17T22:47:05Z,00:00:07.000,5,SWIM_STROKE_TYPE_UNSPECIFIED
2023-04-17T22:47:57Z,00:00:17.000,6,SWIM_STROKE_TYPE_UNSPECIFIED
2023-04-17T22:51:01Z,00:00:15.000,6,SWIM_STROKE_TYPE_UNSPECIFIED
2023-04-17T22:51:35Z,00:00:24.000,9,SWIM_STROKE_TYPE_UNSPECIFIED
2023-04-17T22:58:00Z,00:00:21.000,9,SWIM_STROKE_TYPE_UNSPECIFIED
2023-04-17T23:01:36Z,00:00:29.000,8,SWIM_STROKE_TYPE_UNSPECIFIED
2023-04-17T23:02:23Z,00:00:25.000,8,SWIM_STROKE_TYPE_UNSPECIFIED
2023-04-17T23:03:24Z,00:00:18.000,10,SWIM_STROKE_TYPE_UNSPECIFIED
2023-04-17T23:04:07Z,00:00:12.000,5,SWIM_STROKE_TYPE_UNSPECIFIED
2023-04-17T23:04:36Z,00:00:24.000,8,SWIM_STROKE_TYPE_UNSPECIFIED
2023-04-17T23:10:36Z,00:00:13.000,5,SWIM_STROKE_TYPE_UNSPECIFIED
2023-04-17T23:15:10Z,00:00:37.000,15,SWIM_STROKE_TYPE_UNSPECIFIED
2023-04-17T23:16:14Z,00:00:09.000,5,SWIM_STROKE_TYPE_UNSPECIFIED
2023-04-17T23:16:38Z,00:00:11.000,5,SWIM_STROKE_TYPE_UNSPECIFIED
2023-04-17T23:16:56Z,00:00:12.000,5,SWIM_STROKE_TYPE_UNSPECIFIED
2023-04-17T23:18:30Z,00:00:17.000,5,SWIM_STROKE_TYPE_UNSPECIFIED
2023-04-17T23:19:01Z,00:00:35.000,9,SWIM_STROKE_TYPE_UNSPECIFIED
2023-04-17T23:19:46Z,00:00:37.000,10,SWIM_STROKE_TYPE_UNSPECIFIED
2023-04-17T23:20:30Z,00:00:12.000,6,SWIM_STROKE_TYPE_UNSPECIFIED
2023-04-17T23:21:16Z,00:00:09.000,6,SWIM_STROKE_TYPE_UNSPECIFIED
2023-04-17T23:23:04Z,00:00:24.000,10,SWIM_STROKE_TYPE_UNSPECIFIED
2023-04-17T23:24:31Z,00:00:17.000,7,SWIM_STROKE_TYPE_UNSPECIFIED
2023-04-17T23:25:54Z,00:00:21.000,6,SWIM_STROKE_TYPE_UNSPECIFIED
2023-04-17T23:27:14Z,00:00:11.000,6,SWIM_STROKE_TYPE_UNSPECIFIED
2023-04-17T23:28:47Z,00:00:13.000,6,SWIM_STROKE_TYPE_UNSPECIFIED
2023-04-17T23:30:12Z,00:00:18.000,5,SWIM_STROKE_TYPE_UNSPECIFIED
2023-04-17T23:30:44Z,00:00:33.000,9,SWIM_STROKE_TYPE_UNSPECIFIED
2023-04-17T23:41:39Z,00:00:12.000,8,SWIM_STROKE_TYPE_UNSPECIFIED
2023-04-17T23:44:30Z,00:00:11.000,5,SWIM_STROKE_TYPE_UNSPECIFIED
2023-04-17T23:44:52Z,00:00:22.000,6,SWIM_STROKE_TYPE_UNSPECIFIED
2023-04-17T23:46:11Z,00:00:13.000,5,SWIM_STROKE_TYPE_UNSPECIFIED
2023-04-17T23:48:50Z,00:00:22.000,8,SWIM_STROKE_TYPE_UNSPECIFIED
2023-04-17T23:51:07Z,00:00:34.000,17,SWIM_STROKE_TYPE_UNSPECIFIED
2023-04-17T23:52:12Z,00:00:08.000,5,SWIM_STROKE_TYPE_UNSPECIFIED
2023-04-17T23:52:24Z,00:00:18.000,8,SWIM_STROKE_TYPE_UNSPECIFIED
2023-04-17T23:52:55Z,00:00:17.000,7,SWIM_STROKE_TYPE_UNSPECIFIED
2023-04-17T23:53:51Z,00:00:16.000,7,SWIM_STROKE_TYPE_UNSPECIFIED
2023-04-17T23:55:13Z,00:00:12.000,8,SWIM_STROKE_TYPE_UNSPECIFIED
2023-04-17T23:56:05Z,00:00:19.000,9,SWIM_STROKE_TYPE_UNSPECIFIED
2023-04-17T23:56:30Z,00:00:13.000,5,SWIM_STROKE_TYPE_UNSPECIFIED
2023-04-17T23:56:53Z,00:00:33.000,11,SWIM_STROKE_TYPE_UNSPECIFIED
2023-04-17T23:57:41Z,00:00:28.000,9,SWIM_STROKE_TYPE_UNSPECIFIED
2023-04-17T23:58:13Z,00:00:13.000,5,SWIM_STROKE_TYPE_UNSPECIFIED
2023-04-17T23:58:39Z,00:00:10.000,5,SWIM_STROKE_TYPE_UNSPECIFIED
2023-04-18T00:00:03Z,00:00:23.000,8,SWIM_STROKE_TYPE_UNSPECIFIED
2023-04-18T06:29:06Z,00:00:08.000,6,SWIM_STROKE_TYPE_UNSPECIFIED
2023-04-18T17:43:54Z,00:00:23.000,8,SWIM_STROKE_TYPE_UNSPECIFIED
2023-04-18T20:14:10Z,00:00:14.000,6,SWIM_STROKE_TYPE_UNSPECIFIED
2023-04-18T20:16:18Z,00:00:09.000,5,SWIM_STROKE_TYPE_UNSPECIFIED
2023-04-18T20:19:36Z,00:00:13.000,7,SWIM_STROKE_TYPE_UNSPECIFIED
2023-04-18T20:20:14Z,00:00:11.000,5,SWIM_STROKE_TYPE_UNSPECIFIED
2023-04-18T20:21:11Z,00:00:11.000,6,SWIM_STROKE_TYPE_UNSPECIFIED
2023-04-18T20:22:10Z,00:00:13.000,6,SWIM_STROKE_TYPE_UNSPECIFIED
2023-04-18T20:22:37Z,00:00:18.000,8,SWIM_STROKE_TYPE_UNSPECIFIED
2023-04-18T20:23:12Z,00:00:31.000,16,SWIM_STROKE_TYPE_UNSPECIFIED
2023-04-18T20:24:55Z,00:00:13.000,6,SWIM_STROKE_TYPE_UNSPECIFIED
2023-04-18T20:25:16Z,00:00:08.000,5,SWIM_STROKE_TYPE_UNSPECIFIED
2023-04-18T20:25:33Z,00:00:10.000,6,SWIM_STROKE_TYPE_UNSPECIFIED
2023-04-18T20:26:24Z,00:00:09.000,5,SWIM_STROKE_TYPE_UNSPECIFIED
2023-04-18T20:26:52Z,00:00:24.000,9,SWIM_STROKE_TYPE_UNSPECIFIED
2023-04-18T20:27:56Z,00:00:12.000,7,SWIM_STROKE_TYPE_UNSPECIFIED
2023-04-18T20:28:42Z,00:00:08.000,6,SWIM_STROKE_TYPE_UNSPECIFIED
2023-04-18T20:28:58Z,00:00:08.000,5,SWIM_STROKE_TYPE_UNSPECIFIED
2023-04-18T20:30:13Z,00:00:08.000,6,SWIM_STROKE_TYPE_UNSPECIFIED
2023-04-18T21:51:28Z,00:00:08.000,5,SWIM_STROKE_TYPE_UNSPECIFIED
2023-04-18T21:52:37Z,00:00:36.000,13,SWIM_STROKE_TYPE_UNSPECIFIED
2023-04-18T21:53:36Z,00:00:10.000,5,SWIM_STROKE_TYPE_UNSPECIFIED
2023-04-18T21:54:34Z,00:00:14.000,5,SWIM_STROKE_TYPE_UNSPECIFIED
2023-04-18T21:55:07Z,00:00:20.000,8,SWIM_STROKE_TYPE_UNSPECIFIED
2023-04-18T21:55:52Z,00:00:19.000,7,SWIM_STROKE_TYPE_UNSPECIFIED
2023-04-18T21:56:20Z,00:00:28.000,10,SWIM_STROKE_TYPE_UNSPECIFIED
2023-04-18T22:03:07Z,00:00:11.000,5,SWIM_STROKE_TYPE_UNSPECIFIED
2023-04-18T22:04:07Z,00:00:56.000,20,SWIM_STROKE_TYPE_UNSPECIFIED
2023-04-18T22:05:11Z,00:00:14.000,5,SWIM_STROKE_TYPE_UNSPECIFIED
2023-04-18T22:05:33Z,00:00:19.000,9,SWIM_STROKE_TYPE_UNSPECIFIED
2023-04-18T22:06:27Z,00:00:25.000,9,SWIM_STROKE_TYPE_UNSPECIFIED
2023-04-18T22:06:59Z,00:00:20.000,7,SWIM_STROKE_TYPE_UNSPECIFIED
2023-04-18T22:07:24Z,00:00:37.000,13,SWIM_STROKE_TYPE_UNSPECIFIED
2023-04-18T22:08:49Z,00:00:21.000,9,SWIM_STROKE_TYPE_UNSPECIFIED
2023-04-18T22:09:36Z,00:00:12.000,5,SWIM_STROKE_TYPE_UNSPECIFIED
2023-04-18T22:10:03Z,00:00:10.000,5,SWIM_STROKE_TYPE_UNSPECIFIED
2023-04-18T22:11:16Z,00:00:09.000,6,SWIM_STROKE_TYPE_UNSPECIFIED
2023-04-18T22:12:53Z,00:00:15.000,7,SWIM_STROKE_TYPE_UNSPECIFIED
2023-04-18T22:15:26Z,00:00:20.000,7,SWIM_STROKE_TYPE_UNSPECIFIED
2023-04-18T22:16:05Z,00:00:32.000,12,SWIM_STROKE_TYPE_UNSPECIFIED
2023-04-18T22:22:46Z,00:00:26.000,9,SWIM_STROKE_TYPE_UNSPECIFIED
2023-04-18T22:24:14Z,00:00:08.000,5,SWIM_STROKE_TYPE_UNSPECIFIED
2023-04-18T22:26:43Z,00:00:17.000,7,SWIM_STROKE_TYPE_UNSPECIFIED
2023-04-18T22:30:30Z,00:00:18.000,8,SWIM_STROKE_TYPE_UNSPECIFIED
2023-04-18T22:32:53Z,00:00:09.000,6,SWIM_STROKE_TYPE_UNSPECIFIED
2023-04-18T22:33:19Z,00:00:14.000,5,SWIM_STROKE_TYPE_UNSPECIFIED
2023-04-18T22:41:35Z,00:00:17.000,7,SWIM_STROKE_TYPE_UNSPECIFIED
2023-04-18T22:42:45Z,00:00:18.000,7,SWIM_STROKE_TYPE_UNSPECIFIED
2023-04-18T22:43:14Z,00:00:15.000,7,SWIM_STROKE_TYPE_UNSPECIFIED
2023-04-18T22:46:20Z,00:00:20.000,7,SWIM_STROKE_TYPE_UNSPECIFIED
2023-04-18T22:48:17Z,00:00:22.000,5,SWIM_STROKE_TYPE_UNSPECIFIED
2023-04-18T22:48:47Z,00:00:11.000,5,SWIM_STROKE_TYPE_UNSPECIFIED
2023-04-18T22:49:15Z,00:00:09.000,5,SWIM_STROKE_TYPE_UNSPECIFIED
2023-04-18T22:54:25Z,00:00:11.000,5,SWIM_STROKE_TYPE_UNSPECIFIED
2023-04-18T22:57:07Z,00:00:15.000,5,SWIM_STROKE_TYPE_UNSPECIFIED
2023-04-18T22:57:45Z,00:00:25.000,5,SWIM_STROKE_TYPE_UNSPECIFIED
2023-04-18T22:58:16Z,00:00:09.000,5,SWIM_STROKE_TYPE_UNSPECIFIED
2023-04-18T22:58:55Z,00:00:10.000,5,SWIM_STROKE_TYPE_UNSPECIFIED
2023-04-18T23:08:49Z,00:00:16.000,6,SWIM_STROKE_TYPE_UNSPECIFIED
2023-04-18T23:24:13Z,00:00:21.000,7,SWIM_STROKE_TYPE_UNSPECIFIED
2023-04-18T23:24:54Z,00:00:07.000,5,SWIM_STROKE_TYPE_UNSPECIFIED
2023-04-18T23:25:29Z,00:00:17.000,8,SWIM_STROKE_TYPE_UNSPECIFIED
2023-04-18T23:33:36Z,00:00:14.000,6,SWIM_STROKE_TYPE_UNSPECIFIED
2023-04-18T23:57:18Z,00:00:12.000,5,SWIM_STROKE_TYPE_UNSPECIFIED
2023-04-19T00:01:09Z,00:00:15.000,6,SWIM_STROKE_TYPE_UNSPECIFIED
2023-04-19T00:02:53Z,00:00:08.000,6,SWIM_STROKE_TYPE_UNSPECIFIED
2023-04-19T00:03:29Z,00:00:14.000,8,SWIM_STROKE_TYPE_UNSPECIFIED
2023-04-19T00:04:40Z,00:00:15.000,7,SWIM_STROKE_TYPE_UNSPECIFIED
2023-04-19T00:05:18Z,00:00:21.000,8,SWIM_STROKE_TYPE_UNSPECIFIED
2023-04-19T00:07:34Z,00:00:12.000,6,SWIM_STROKE_TYPE_UNSPECIFIED
2023-04-19T00:08:19Z,00:00:14.000,6,SWIM_STROKE_TYPE_UNSPECIFIED
2023-04-19T00:21:12Z,00:00:23.000,6,SWIM_STROKE_TYPE_UNSPECIFIED
2023-04-19T00:22:11Z,00:00:27.000,5,SWIM_STROKE_TYPE_UNSPECIFIED
2023-04-19T00:30:05Z,00:00:18.000,9,SWIM_STROKE_TYPE_UNSPECIFIED
2023-04-19T00:33:30Z,00:00:33.000,9,SWIM_STROKE_TYPE_UNSPECIFIED
2023-04-19T00:34:26Z,00:00:25.000,11,SWIM_STROKE_TYPE_UNSPECIFIED
2023-04-19T00:34:58Z,00:00:12.000,6,SWIM_STROKE_TYPE_UNSPECIFIED
2023-04-19T00:38:00Z,00:00:17.000,5,SWIM_STROKE_TYPE_UNSPECIFIED
2023-04-19T00:39:24Z,00:00:12.000,5,SWIM_STROKE_TYPE_UNSPECIFIED
2023-04-19T00:40:37Z,00:00:09.000,5,SWIM_STROKE_TYPE_UNSPECIFIED
2023-04-19T00:44:00Z,00:00:13.000,5,SWIM_STROKE_TYPE_UNSPECIFIED
2023-04-19T00:51:52Z,00:00:17.000,6,SWIM_STROKE_TYPE_UNSPECIFIED
2023-04-19T01:01:00Z,00:00:34.000,9,SWIM_STROKE_TYPE_UNSPECIFIED
2023-04-19T01:02:34Z,00:00:11.000,5,SWIM_STROKE_TYPE_UNSPECIFIED
2023-04-19T01:19:50Z,00:00:16.000,5,SWIM_STROKE_TYPE_UNSPECIFIED
2023-04-19T01:23:35Z,00:00:15.000,9,SWIM_STROKE_TYPE_UNSPECIFIED
2023-04-19T01:26:10Z,00:00:10.000,5,SWIM_STROKE_TYPE_UNSPECIFIED
2023-04-19T03:09:44Z,00:00:11.000,7,SWIM_STROKE_TYPE_UNSPECIFIED
2023-04-19T03:09:59Z,00:00:31.000,14,SWIM_STROKE_TYPE_UNSPECIFIED
2023-04-19T14:08:55Z,00:00:13.000,5,SWIM_STROKE_TYPE_UNSPECIFIED
2023-04-19T14:36:31Z,00:00:13.000,7,SWIM_STROKE_TYPE_UNSPECIFIED
2023-04-19T14:47:14Z,00:00:17.000,7,SWIM_STROKE_TYPE_UNSPECIFIED
2023-04-19T17:53:14Z,00:00:14.000,6,SWIM_STROKE_TYPE_UNSPECIFIED
2023-04-19T17:58:14Z,00:00:09.000,5,SWIM_STROKE_TYPE_UNSPECIFIED
2023-04-19T17:59:10Z,00:00:24.000,14,SWIM_STROKE_TYPE_UNSPECIFIED
2023-04-19T18:01:01Z,00:00:09.000,5,SWIM_STROKE_TYPE_UNSPECIFIED
2023-04-19T18:01:56Z,00:00:13.000,5,SWIM_STROKE_TYPE_UNSPECIFIED
2023-04-19T18:07:12Z,00:00:55.000,28,SWIM_STROKE_TYPE_UNSPECIFIED
2023-04-19T18:18:16Z,00:00:17.000,5,SWIM_STROKE_TYPE_UNSPECIFIED
2023-04-19T18:19:04Z,00:00:23.000,8,SWIM_STROKE_TYPE_UNSPECIFIED
2023-04-19T18:20:43Z,00:00:25.000,8,SWIM_STROKE_TYPE_UNSPECIFIED
2023-04-19T18:25:45Z,00:00:11.000,5,SWIM_STROKE_TYPE_UNSPECIFIED
2023-04-19T18:27:09Z,00:00:19.000,8,SWIM_STROKE_TYPE_UNSPECIFIED
2023-04-19T18:31:45Z,00:00:32.000,10,SWIM_STROKE_TYPE_UNSPECIFIED
2023-04-19T18:33:21Z,00:00:29.000,10,SWIM_STROKE_TYPE_UNSPECIFIED
2023-04-19T18:34:15Z,00:00:18.000,8,SWIM_STROKE_TYPE_UNSPECIFIED
2023-04-19T18:34:41Z,00:00:57.000,18,SWIM_STROKE_TYPE_UNSPECIFIED
2023-04-19T18:36:09Z,00:00:41.000,15,SWIM_STROKE_TYPE_UNSPECIFIED
2023-04-19T18:39:30Z,00:00:16.000,8,SWIM_STROKE_TYPE_UNSPECIFIED
2023-04-19T19:59:28Z,00:00:26.000,10,SWIM_STROKE_TYPE_UNSPECIFIED
2023-04-19T20:31:42Z,00:00:27.000,9,SWIM_STROKE_TYPE_UNSPECIFIED
2023-04-19T20:32:16Z,00:00:24.000,10,SWIM_STROKE_TYPE_UNSPECIFIED
2023-04-19T21:37:26Z,00:00:35.000,13,SWIM_STROKE_TYPE_UNSPECIFIED
2023-04-19T21:38:37Z,00:00:12.000,6,SWIM_STROKE_TYPE_UNSPECIFIED
2023-04-19T21:39:09Z,00:00:26.000,8,SWIM_STROKE_TYPE_UNSPECIFIED
2023-04-19T21:40:10Z,00:00:16.000,6,SWIM_STROKE_TYPE_UNSPECIFIED
2023-04-19T21:40:46Z,00:00:24.000,6,SWIM_STROKE_TYPE_UNSPECIFIED
2023-04-19T21:42:11Z,00:00:30.000,10,SWIM_STROKE_TYPE_UNSPECIFIED
2023-04-19T21:43:01Z,00:00:34.000,10,SWIM_STROKE_TYPE_UNSPECIFIED
2023-04-19T21:49:47Z,00:00:14.000,8,SWIM_STROKE_TYPE_UNSPECIFIED
2023-04-19T21:52:11Z,00:00:19.000,6,SWIM_STROKE_TYPE_UNSPECIFIED
2023-04-19T21:57:31Z,00:00:17.000,8,SWIM_STROKE_TYPE_UNSPECIFIED
2023-04-19T21:58:22Z,00:00:14.000,8,SWIM_STROKE_TYPE_UNSPECIFIED
2023-04-19T21:58:56Z,00:00:52.000,17,SWIM_STROKE_TYPE_UNSPECIFIED
2023-04-19T22:29:28Z,00:00:13.000,5,SWIM_STROKE_TYPE_UNSPECIFIED
2023-04-19T22:30:06Z,00:00:35.000,13,SWIM_STROKE_TYPE_UNSPECIFIED
2023-04-19T22:35:09Z,00:00:09.000,5,SWIM_STROKE_TYPE_UNSPECIFIED
2023-04-19T22:35:42Z,00:00:14.000,5,SWIM_STROKE_TYPE_UNSPECIFIED
2023-04-19T22:36:47Z,00:00:21.000,6,SWIM_STROKE_TYPE_UNSPECIFIED
2023-04-19T22:37:28Z,00:00:16.000,6,SWIM_STROKE_TYPE_UNSPECIFIED
2023-04-19T22:41:32Z,00:00:29.000,9,SWIM_STROKE_TYPE_UNSPECIFIED
2023-04-19T22:53:57Z,00:00:28.000,9,SWIM_STROKE_TYPE_UNSPECIFIED
2023-04-19T23:20:41Z,00:00:15.000,6,SWIM_STROKE_TYPE_UNSPECIFIED
2023-04-19T23:21:54Z,00:00:24.000,8,SWIM_STROKE_TYPE_UNSPECIFIED
2023-04-19T23:22:25Z,00:00:17.000,5,SWIM_STROKE_TYPE_UNSPECIFIED
2023-04-19T23:24:40Z,00:00:18.000,5,SWIM_STROKE_TYPE_UNSPECIFIED
2023-04-19T23:26:06Z,00:00:37.000,7,SWIM_STROKE_TYPE_UNSPECIFIED
2023-04-19T23:27:46Z,00:00:38.000,11,SWIM_STROKE_TYPE_UNSPECIFIED
2023-04-19T23:28:47Z,00:00:09.000,5,SWIM_STROKE_TYPE_UNSPECIFIED
2023-04-19T23:49:06Z,00:00:11.000,5,SWIM_STROKE_TYPE_UNSPECIFIED
2023-04-19T23:49:30Z,00:00:20.000,8,SWIM_STROKE_TYPE_UNSPECIFIED
2023-04-19T23:51:43Z,00:00:30.000,11,SWIM_STROKE_TYPE_UNSPECIFIED
2023-04-19T23:52:34Z,00:00:08.000,5,SWIM_STROKE_TYPE_UNSPECIFIED
2023-04-19T23:52:51Z,00:00:18.000,9,SWIM_STROKE_TYPE_UNSPECIFIED
2023-04-19T23:57:57Z,00:00:22.000,6,SWIM_STROKE_TYPE_UNSPECIFIED
2023-04-19T23:58:47Z,00:00:29.000,7,SWIM_STROKE_TYPE_UNSPECIFIED
2023-04-19T23:59:23Z,00:00:12.000,6,SWIM_STROKE_TYPE_UNSPECIFIED
2023-04-20T00:02:14Z,00:00:12.000,6,SWIM_STROKE_TYPE_UNSPECIFIED
2023-04-20T00:02:34Z,00:00:10.000,6,SWIM_STROKE_TYPE_UNSPECIFIED
2023-04-20T00:02:56Z,00:00:13.000,8,SWIM_STROKE_TYPE_UNSPECIFIED
2023-04-20T00:05:46Z,00:00:30.000,5,SWIM_STROKE_TYPE_UNSPECIFIED
2023-04-20T00:06:30Z,00:00:33.000,7,SWIM_STROKE_TYPE_UNSPECIFIED
2023-04-20T00:09:59Z,00:00:44.000,11,SWIM_STROKE_TYPE_UNSPECIFIED
2023-04-20T00:13:43Z,00:00:17.000,7,SWIM_STROKE_TYPE_UNSPECIFIED
2023-04-20T00:14:21Z,00:00:25.000,11,SWIM_STROKE_TYPE_UNSPECIFIED
2023-04-20T00:15:29Z,00:00:16.000,6,SWIM_STROKE_TYPE_UNSPECIFIED
2023-04-20T00:16:26Z,00:00:23.000,7,SWIM_STROKE_TYPE_UNSPECIFIED
2023-04-20T00:17:13Z,00:00:23.000,9,SWIM_STROKE_TYPE_UNSPECIFIED
2023-04-20T00:27:46Z,00:00:18.000,5,SWIM_STROKE_TYPE_UNSPECIFIED
2023-04-20T00:31:31Z,00:00:26.000,5,SWIM_STROKE_TYPE_UNSPECIFIED
2023-04-20T00:32:27Z,00:00:42.000,7,SWIM_STROKE_TYPE_UNSPECIFIED
2023-04-20T00:33:58Z,00:00:34.000,8,SWIM_STROKE_TYPE_UNSPECIFIED
2023-04-20T00:35:11Z,00:00:19.000,5,SWIM_STROKE_TYPE_UNSPECIFIED
2023-04-20T00:37:39Z,00:00:18.000,5,SWIM_STROKE_TYPE_UNSPECIFIED
2023-04-20T01:14:44Z,00:00:33.000,5,SWIM_STROKE_TYPE_UNSPECIFIED
2023-04-20T01:23:43Z,00:00:42.000,8,SWIM_STROKE_TYPE_UNSPECIFIED
2023-04-20T01:24:59Z,00:00:19.000,8,SWIM_STROKE_TYPE_UNSPECIFIED
2023-04-20T01:27:06Z,00:00:17.000,5,SWIM_STROKE_TYPE_UNSPECIFIED
2023-04-20T01:28:02Z,00:00:33.000,9,SWIM_STROKE_TYPE_UNSPECIFIED
2023-04-20T01:28:44Z,00:00:20.000,6,SWIM_STROKE_TYPE_UNSPECIFIED
2023-04-20T02:53:28Z,00:00:19.000,8,SWIM_STROKE_TYPE_UNSPECIFIED
2023-04-20T15:15:46Z,00:00:22.000,12,SWIM_STROKE_TYPE_UNSPECIFIED
2023-04-20T17:58:27Z,00:00:20.000,10,SWIM_STROKE_TYPE_UNSPECIFIED
2023-04-20T18:02:17Z,00:00:17.000,7,SWIM_STROKE_TYPE_UNSPECIFIED
2023-04-20T18:04:06Z,00:00:09.000,5,SWIM_STROKE_TYPE_UNSPECIFIED
2023-04-20T18:09:18Z,00:00:12.000,7,SWIM_STROKE_TYPE_UNSPECIFIED
2023-04-20T18:14:39Z,00:00:08.000,6,SWIM_STROKE_TYPE_UNSPECIFIED
2023-04-20T18:18:53Z,00:00:16.000,7,SWIM_STROKE_TYPE_UNSPECIFIED
2023-04-20T18:20:01Z,00:00:19.000,8,SWIM_STROKE_TYPE_UNSPECIFIED
2023-04-20T18:20:35Z,00:00:43.000,18,SWIM_STROKE_TYPE_UNSPECIFIED
2023-04-20T18:22:01Z,00:00:14.000,5,SWIM_STROKE_TYPE_UNSPECIFIED
2023-04-20T18:24:26Z,00:00:22.000,9,SWIM_STROKE_TYPE_UNSPECIFIED
2023-04-20T18:31:11Z,00:00:16.000,6,SWIM_STROKE_TYPE_UNSPECIFIED
2023-04-20T18:33:34Z,00:00:10.000,5,SWIM_STROKE_TYPE_UNSPECIFIED
2023-04-20T18:34:03Z,00:00:12.000,5,SWIM_STROKE_TYPE_UNSPECIFIED
2023-04-20T18:34:37Z,00:00:10.000,5,SWIM_STROKE_TYPE_UNSPECIFIED
2023-04-20T18:35:15Z,00:00:17.000,7,SWIM_STROKE_TYPE_UNSPECIFIED
2023-04-20T18:36:46Z,00:00:16.000,6,SWIM_STROKE_TYPE_UNSPECIFIED
2023-04-20T18:45:43Z,00:00:22.000,6,SWIM_STROKE_TYPE_UNSPECIFIED
2023-04-20T20:01:59Z,00:00:31.000,7,SWIM_STROKE_TYPE_UNSPECIFIED
2023-04-20T20:03:42Z,00:00:13.000,5,SWIM_STROKE_TYPE_UNSPECIFIED
2023-04-21T00:38:23Z,00:00:29.000,12,SWIM_STROKE_TYPE_UNSPECIFIED
2023-04-21T00:53:20Z,00:00:20.000,9,SWIM_STROKE_TYPE_UNSPECIFIED
2023-04-21T01:08:17Z,00:00:13.000,5,SWIM_STROKE_TYPE_UNSPECIFIED
2023-04-21T01:10:59Z,00:00:22.000,7,SWIM_STROKE_TYPE_UNSPECIFIED
2023-04-21T06:24:15Z,00:00:12.000,7,SWIM_STROKE_TYPE_UNSPECIFIED
2023-04-21T15:12:45Z,00:00:16.000,7,SWIM_STROKE_TYPE_UNSPECIFIED
2023-04-21T15:14:21Z,00:00:12.000,6,SWIM_STROKE_TYPE_UNSPECIFIED
2023-04-21T15:16:06Z,00:00:35.000,15,SWIM_STROKE_TYPE_UNSPECIFIED
2023-04-21T17:42:17Z,00:00:08.000,5,SWIM_STROKE_TYPE_UNSPECIFIED
2023-04-21T17:52:22Z,00:00:14.000,5,SWIM_STROKE_TYPE_UNSPECIFIED
2023-04-21T17:53:13Z,00:00:13.000,6,SWIM_STROKE_TYPE_UNSPECIFIED
2023-04-21T17:53:38Z,00:00:13.000,7,SWIM_STROKE_TYPE_UNSPECIFIED
2023-04-21T17:54:22Z,00:00:21.000,7,SWIM_STROKE_TYPE_UNSPECIFIED
2023-04-21T18:00:07Z,00:00:22.000,5,SWIM_STROKE_TYPE_UNSPECIFIED
2023-04-21T18:02:34Z,00:00:50.000,19,SWIM_STROKE_TYPE_UNSPECIFIED
2023-04-21T18:04:22Z,00:00:19.000,7,SWIM_STROKE_TYPE_UNSPECIFIED
2023-04-21T18:05:05Z,00:00:17.000,6,SWIM_STROKE_TYPE_UNSPECIFIED
2023-04-21T18:05:29Z,00:00:08.000,6,SWIM_STROKE_TYPE_UNSPECIFIED
2023-04-21T18:06:40Z,00:00:08.000,5,SWIM_STROKE_TYPE_UNSPECIFIED
2023-04-21T18:07:47Z,00:00:28.000,13,SWIM_STROKE_TYPE_UNSPECIFIED
2023-04-21T18:08:24Z,00:00:46.000,17,SWIM_STROKE_TYPE_UNSPECIFIED
2023-04-21T18:10:37Z,00:00:20.000,6,SWIM_STROKE_TYPE_UNSPECIFIED
2023-04-21T18:12:05Z,00:00:25.000,7,SWIM_STROKE_TYPE_UNSPECIFIED
2023-04-21T18:13:19Z,00:00:16.000,7,SWIM_STROKE_TYPE_UNSPECIFIED
2023-04-21T18:13:42Z,00:00:28.000,9,SWIM_STROKE_TYPE_UNSPECIFIED
2023-04-21T18:16:35Z,00:00:12.000,6,SWIM_STROKE_TYPE_UNSPECIFIED
2023-04-21T18:18:11Z,00:00:16.000,8,SWIM_STROKE_TYPE_UNSPECIFIED
2023-04-21T18:22:18Z,00:00:46.000,15,SWIM_STROKE_TYPE_UNSPECIFIED
2023-04-21T18:24:04Z,00:00:31.000,11,SWIM_STROKE_TYPE_UNSPECIFIED
2023-04-21T18:24:52Z,00:00:11.000,5,SWIM_STROKE_TYPE_UNSPECIFIED
2023-04-21T18:25:36Z,00:00:14.000,6,SWIM_STROKE_TYPE_UNSPECIFIED
2023-04-21T18:26:14Z,00:00:13.000,6,SWIM_STROKE_TYPE_UNSPECIFIED
2023-04-21T18:26:51Z,00:00:21.000,6,SWIM_STROKE_TYPE_UNSPECIFIED
2023-04-21T18:27:45Z,00:00:11.000,6,SWIM_STROKE_TYPE_UNSPECIFIED
2023-04-21T18:28:28Z,00:00:17.000,7,SWIM_STROKE_TYPE_UNSPECIFIED
2023-04-21T18:29:40Z,00:00:08.000,5,SWIM_STROKE_TYPE_UNSPECIFIED
2023-04-21T18:30:13Z,00:00:10.000,6,SWIM_STROKE_TYPE_UNSPECIFIED
2023-04-21T18:30:40Z,00:00:13.000,6,SWIM_STROKE_TYPE_UNSPECIFIED
2023-04-21T18:31:09Z,00:00:21.000,8,SWIM_STROKE_TYPE_UNSPECIFIED
2023-04-21T21:13:19Z,00:00:20.000,7,SWIM_STROKE_TYPE_UNSPECIFIED
2023-04-21T21:14:16Z,00:00:25.000,9,SWIM_STROKE_TYPE_UNSPECIFIED
2023-04-21T21:15:31Z,00:00:11.000,6,SWIM_STROKE_TYPE_UNSPECIFIED
2023-04-21T21:17:23Z,00:00:29.000,13,SWIM_STROKE_TYPE_UNSPECIFIED
2023-04-21T21:18:59Z,00:00:13.000,5,SWIM_STROKE_TYPE_UNSPECIFIED
2023-04-21T21:19:32Z,00:00:11.000,5,SWIM_STROKE_TYPE_UNSPECIFIED
2023-04-21T21:19:58Z,00:00:22.000,9,SWIM_STROKE_TYPE_UNSPECIFIED
2023-04-21T21:25:48Z,00:00:10.000,5,SWIM_STROKE_TYPE_UNSPECIFIED
2023-04-21T21:26:41Z,00:00:10.000,7,SWIM_STROKE_TYPE_UNSPECIFIED
2023-04-21T21:49:19Z,00:00:11.000,5,SWIM_STROKE_TYPE_UNSPECIFIED
2023-04-21T21:50:24Z,00:00:29.000,7,SWIM_STROKE_TYPE_UNSPECIFIED
2023-04-21T21:51:07Z,00:00:26.000,8,SWIM_STROKE_TYPE_UNSPECIFIED
2023-04-21T21:52:05Z,00:00:11.000,5,SWIM_STROKE_TYPE_UNSPECIFIED
2023-04-21T21:52:41Z,00:00:23.000,7,SWIM_STROKE_TYPE_UNSPECIFIED
2023-04-21T21:53:22Z,00:00:14.000,5,SWIM_STROKE_TYPE_UNSPECIFIED
2023-04-21T21:59:30Z,00:00:25.000,12,SWIM_STROKE_TYPE_UNSPECIFIED
2023-04-21T22:00:19Z,00:00:24.000,11,SWIM_STROKE_TYPE_UNSPECIFIED
2023-04-21T22:01:23Z,00:00:11.000,5,SWIM_STROKE_TYPE_UNSPECIFIED
2023-04-21T22:01:49Z,00:00:20.000,12,SWIM_STROKE_TYPE_UNSPECIFIED
2023-04-21T22:14:50Z,00:00:24.000,13,SWIM_STROKE_TYPE_UNSPECIFIED
2023-04-21T22:21:32Z,00:00:18.000,5,SWIM_STROKE_TYPE_UNSPECIFIED
2023-04-21T22:23:06Z,00:00:33.000,12,SWIM_STROKE_TYPE_UNSPECIFIED
2023-04-21T22:24:05Z,00:00:28.000,8,SWIM_STROKE_TYPE_UNSPECIFIED
2023-04-21T22:24:57Z,00:00:18.000,6,SWIM_STROKE_TYPE_UNSPECIFIED
2023-04-21T22:25:24Z,00:00:18.000,5,SWIM_STROKE_TYPE_UNSPECIFIED
2023-04-21T22:26:03Z,00:00:21.000,7,SWIM_STROKE_TYPE_UNSPECIFIED
2023-04-21T22:29:37Z,00:00:16.000,6,SWIM_STROKE_TYPE_UNSPECIFIED
2023-04-21T22:33:54Z,00:00:24.000,8,SWIM_STROKE_TYPE_UNSPECIFIED
2023-04-21T22:37:58Z,00:00:08.000,5,SWIM_STROKE_TYPE_UNSPECIFIED
2023-04-21T22:51:23Z,00:00:12.000,6,SWIM_STROKE_TYPE_UNSPECIFIED
2023-04-21T22:52:04Z,00:00:12.000,5,SWIM_STROKE_TYPE_UNSPECIFIED
2023-04-21T22:53:03Z,00:00:20.000,5,SWIM_STROKE_TYPE_UNSPECIFIED
2023-04-21T22:53:36Z,00:00:31.000,10,SWIM_STROKE_TYPE_UNSPECIFIED
2023-04-21T22:57:28Z,00:00:08.000,5,SWIM_STROKE_TYPE_UNSPECIFIED
2023-04-21T22:57:48Z,00:00:09.000,5,SWIM_STROKE_TYPE_UNSPECIFIED
2023-04-21T23:02:48Z,00:00:12.000,5,SWIM_STROKE_TYPE_UNSPECIFIED
2023-04-21T23:03:21Z,00:00:29.000,6,SWIM_STROKE_TYPE_UNSPECIFIED
2023-04-21T23:05:11Z,00:00:34.000,9,SWIM_STROKE_TYPE_UNSPECIFIED
2023-04-21T23:08:25Z,00:00:26.000,7,SWIM_STROKE_TYPE_UNSPECIFIED
2023-04-22T01:04:16Z,00:00:16.000,5,SWIM_STROKE_TYPE_UNSPECIFIED
2023-04-22T01:07:31Z,00:00:24.000,7,SWIM_STROKE_TYPE_UNSPECIFIED
2023-04-22T01:08:17Z,00:00:18.000,5,SWIM_STROKE_TYPE_UNSPECIFIED
2023-04-22T23:49:04Z,00:00:15.000,9,SWIM_STROKE_TYPE_UNSPECIFIED
2023-04-23T01:02:20Z,00:00:07.000,5,SWIM_STROKE_TYPE_UNSPECIFIED
2023-04-23T02:42:29Z,00:00:10.000,5,SWIM_STROKE_TYPE_UNSPECIFIED
2023-04-23T03:06:21Z,00:00:18.000,8,SWIM_STROKE_TYPE_UNSPECIFIED
2023-04-23T03:09:40Z,00:00:17.000,5,SWIM_STROKE_TYPE_UNSPECIFIED
2023-04-23T03:13:17Z,00:00:19.000,13,SWIM_STROKE_TYPE_UNSPECIFIED
2023-04-23T06:11:06Z,00:00:13.000,7,SWIM_STROKE_TYPE_UNSPECIFIED
2023-04-23T15:11:23Z,00:00:13.000,5,SWIM_STROKE_TYPE_UNSPECIFIED
2023-04-23T15:14:47Z,00:00:12.000,6,SWIM_STROKE_TYPE_UNSPECIFIED
2023-04-23T19:55:11Z,00:00:12.000,6,SWIM_STROKE_TYPE_UNSPECIFIED
2023-04-23T19:57:57Z,00:00:17.000,5,SWIM_STROKE_TYPE_UNSPECIFIED
2023-04-23T20:03:43Z,00:00:34.000,6,SWIM_STROKE_TYPE_UNSPECIFIED
2023-04-23T20:04:36Z,00:00:37.000,8,SWIM_STROKE_TYPE_UNSPECIFIED
2023-04-24T03:37:06Z,00:00:08.000,5,SWIM_STROKE_TYPE_UNSPECIFIED
2023-04-24T03:40:50Z,00:00:16.000,6,SWIM_STROKE_TYPE_UNSPECIFIED
2023-04-24T03:41:21Z,00:00:21.000,7,SWIM_STROKE_TYPE_UNSPECIFIED
2023-04-24T03:41:48Z,00:00:14.000,6,SWIM_STROKE_TYPE_UNSPECIFIED
2023-04-24T03:47:46Z,00:00:13.000,5,SWIM_STROKE_TYPE_UNSPECIFIED
2023-04-24T03:49:01Z,00:00:25.000,8,SWIM_STROKE_TYPE_UNSPECIFIED
2023-04-24T04:39:34Z,00:00:11.000,7,SWIM_STROKE_TYPE_UNSPECIFIED
2023-04-24T04:40:52Z,00:00:17.000,5,SWIM_STROKE_TYPE_UNSPECIFIED
2023-04-24T05:18:41Z,00:00:20.000,6,SWIM_STROKE_TYPE_UNSPECIFIED
2023-04-24T15:08:35Z,00:00:09.000,5,SWIM_STROKE_TYPE_UNSPECIFIED
2023-04-24T15:08:55Z,00:00:09.000,5,SWIM_STROKE_TYPE_UNSPECIFIED
2023-04-24T15:09:11Z,00:00:10.000,5,SWIM_STROKE_TYPE_UNSPECIFIED
2023-04-24T17:43:08Z,00:00:54.000,22,SWIM_STROKE_TYPE_UNSPECIFIED
2023-04-24T17:52:37Z,00:00:24.000,8,SWIM_STROKE_TYPE_UNSPECIFIED
2023-04-24T18:17:28Z,00:00:12.000,5,SWIM_STROKE_TYPE_UNSPECIFIED
2023-04-24T19:18:19Z,00:00:23.000,8,SWIM_STROKE_TYPE_UNSPECIFIED
2023-04-24T21:43:49Z,00:00:12.000,5,SWIM_STROKE_TYPE_UNSPECIFIED
2023-04-24T21:45:03Z,00:00:12.000,5,SWIM_STROKE_TYPE_UNSPECIFIED
2023-04-24T22:03:16Z,00:00:21.000,8,SWIM_STROKE_TYPE_UNSPECIFIED
2023-04-24T22:04:17Z,00:00:21.000,8,SWIM_STROKE_TYPE_UNSPECIFIED
2023-04-24T22:04:53Z,00:00:08.000,5,SWIM_STROKE_TYPE_UNSPECIFIED
2023-04-24T22:06:28Z,00:00:12.000,6,SWIM_STROKE_TYPE_UNSPECIFIED
2023-04-24T22:07:02Z,00:00:10.000,5,SWIM_STROKE_TYPE_UNSPECIFIED
2023-04-24T22:08:06Z,00:00:13.000,6,SWIM_STROKE_TYPE_UNSPECIFIED
2023-04-24T22:08:52Z,00:00:10.000,6,SWIM_STROKE_TYPE_UNSPECIFIED
2023-04-24T22:09:35Z,00:00:11.000,6,SWIM_STROKE_TYPE_UNSPECIFIED
2023-04-24T22:09:52Z,00:00:15.000,8,SWIM_STROKE_TYPE_UNSPECIFIED
2023-04-24T22:10:13Z,00:00:21.000,9,SWIM_STROKE_TYPE_UNSPECIFIED
2023-04-24T22:10:39Z,00:00:33.000,18,SWIM_STROKE_TYPE_UNSPECIFIED
2023-04-24T22:11:16Z,00:00:25.000,8,SWIM_STROKE_TYPE_UNSPECIFIED
2023-04-24T22:11:44Z,00:00:31.000,16,SWIM_STROKE_TYPE_UNSPECIFIED
2023-04-24T22:12:31Z,00:00:25.000,13,SWIM_STROKE_TYPE_UNSPECIFIED
2023-04-24T22:13:05Z,00:00:21.000,13,SWIM_STROKE_TYPE_UNSPECIFIED
2023-04-24T22:18:54Z,00:00:22.000,15,SWIM_STROKE_TYPE_UNSPECIFIED
2023-04-24T22:20:37Z,00:00:14.000,6,SWIM_STROKE_TYPE_UNSPECIFIED
2023-04-24T22:21:05Z,00:00:11.000,6,SWIM_STROKE_TYPE_UNSPECIFIED
2023-04-24T22:21:23Z,00:00:25.000,10,SWIM_STROKE_TYPE_UNSPECIFIED
2023-04-24T22:25:14Z,00:00:21.000,9,SWIM_STROKE_TYPE_UNSPECIFIED
2023-04-24T22:25:50Z,00:00:20.000,8,SWIM_STROKE_TYPE_UNSPECIFIED
2023-04-24T22:26:17Z,00:00:10.000,5,SWIM_STROKE_TYPE_UNSPECIFIED
2023-04-24T22:26:33Z,00:00:12.000,5,SWIM_STROKE_TYPE_UNSPECIFIED
2023-04-24T22:26:58Z,00:00:09.000,7,SWIM_STROKE_TYPE_UNSPECIFIED
2023-04-24T22:27:39Z,00:00:09.000,5,SWIM_STROKE_TYPE_UNSPECIFIED
2023-04-24T22:28:21Z,00:00:17.000,6,SWIM_STROKE_TYPE_UNSPECIFIED
2023-04-24T22:28:48Z,00:00:11.000,5,SWIM_STROKE_TYPE_UNSPECIFIED
2023-04-24T22:29:57Z,00:00:09.000,5,SWIM_STROKE_TYPE_UNSPECIFIED
2023-04-24T22:30:55Z,00:00:12.000,6,SWIM_STROKE_TYPE_UNSPECIFIED
2023-04-24T22:31:13Z,00:00:08.000,5,SWIM_STROKE_TYPE_UNSPECIFIED
2023-04-24T22:39:22Z,00:00:12.000,5,SWIM_STROKE_TYPE_UNSPECIFIED
2023-04-24T22:40:31Z,00:00:16.000,5,SWIM_STROKE_TYPE_UNSPECIFIED
2023-04-24T22:42:30Z,00:00:17.000,6,SWIM_STROKE_TYPE_UNSPECIFIED
2023-04-24T22:42:57Z,00:00:08.000,5,SWIM_STROKE_TYPE_UNSPECIFIED
2023-04-24T22:43:42Z,00:00:12.000,5,SWIM_STROKE_TYPE_UNSPECIFIED
2023-04-24T22:50:06Z,00:00:12.000,5,SWIM_STROKE_TYPE_UNSPECIFIED
2023-04-24T22:50:26Z,00:00:14.000,6,SWIM_STROKE_TYPE_UNSPECIFIED
2023-04-24T22:50:49Z,00:00:16.000,6,SWIM_STROKE_TYPE_UNSPECIFIED
2023-04-24T22:59:23Z,00:00:29.000,12,SWIM_STROKE_TYPE_UNSPECIFIED
2023-04-24T23:00:20Z,00:00:13.000,5,SWIM_STROKE_TYPE_UNSPECIFIED
2023-04-24T23:00:43Z,00:00:25.000,11,SWIM_STROKE_TYPE_UNSPECIFIED
2023-04-24T23:01:47Z,00:00:21.000,8,SWIM_STROKE_TYPE_UNSPECIFIED
2023-04-24T23:02:26Z,00:00:11.000,6,SWIM_STROKE_TYPE_UNSPECIFIED
2023-04-24T23:06:05Z,00:00:24.000,8,SWIM_STROKE_TYPE_UNSPECIFIED
2023-04-24T23:07:59Z,00:00:21.000,5,SWIM_STROKE_TYPE_UNSPECIFIED
2023-04-24T23:08:53Z,00:00:34.000,11,SWIM_STROKE_TYPE_UNSPECIFIED
2023-04-24T23:09:43Z,00:00:11.000,6,SWIM_STROKE_TYPE_UNSPECIFIED
2023-04-24T23:10:26Z,00:00:13.000,5,SWIM_STROKE_TYPE_UNSPECIFIED
2023-04-24T23:11:15Z,00:00:22.000,11,SWIM_STROKE_TYPE_UNSPECIFIED
2023-04-24T23:12:24Z,00:00:22.000,10,SWIM_STROKE_TYPE_UNSPECIFIED
2023-04-24T23:15:25Z,00:00:08.000,5,SWIM_STROKE_TYPE_UNSPECIFIED
2023-04-24T23:15:38Z,00:00:23.000,8,SWIM_STROKE_TYPE_UNSPECIFIED
2023-04-24T23:16:44Z,00:00:19.000,7,SWIM_STROKE_TYPE_UNSPECIFIED
2023-04-24T23:17:10Z,00:00:12.000,5,SWIM_STROKE_TYPE_UNSPECIFIED
2023-04-24T23:18:06Z,00:00:17.000,5,SWIM_STROKE_TYPE_UNSPECIFIED
2023-04-24T23:21:15Z,00:00:18.000,6,SWIM_STROKE_TYPE_UNSPECIFIED
2023-04-24T23:22:50Z,00:00:22.000,10,SWIM_STROKE_TYPE_UNSPECIFIED
2023-04-24T23:24:09Z,00:00:08.000,5,SWIM_STROKE_TYPE_UNSPECIFIED
2023-04-24T23:24:30Z,00:00:10.000,6,SWIM_STROKE_TYPE_UNSPECIFIED
2023-04-24T23:29:14Z,00:00:10.000,5,SWIM_STROKE_TYPE_UNSPECIFIED
2023-04-24T23:32:11Z,00:00:23.000,7,SWIM_STROKE_TYPE_UNSPECIFIED
2023-04-24T23:32:46Z,00:00:17.000,5,SWIM_STROKE_TYPE_UNSPECIFIED
2023-04-24T23:33:38Z,00:00:28.000,7,SWIM_STROKE_TYPE_UNSPECIFIED
2023-04-24T23:34:32Z,00:00:34.000,13,SWIM_STROKE_TYPE_UNSPECIFIED
2023-04-24T23:35:39Z,00:00:24.000,7,SWIM_STROKE_TYPE_UNSPECIFIED
2023-04-24T23:38:45Z,00:00:27.000,5,SWIM_STROKE_TYPE_UNSPECIFIED
2023-04-24T23:39:30Z,00:00:44.000,17,SWIM_STROKE_TYPE_UNSPECIFIED
2023-04-24T23:41:00Z,00:00:22.000,5,SWIM_STROKE_TYPE_UNSPECIFIED
2023-04-24T23:45:42Z,00:00:22.000,7,SWIM_STROKE_TYPE_UNSPECIFIED
2023-04-24T23:46:31Z,00:00:17.000,9,SWIM_STROKE_TYPE_UNSPECIFIED
2023-04-24T23:47:27Z,00:00:25.000,9,SWIM_STROKE_TYPE_UNSPECIFIED
2023-04-24T23:48:44Z,00:00:14.000,6,SWIM_STROKE_TYPE_UNSPECIFIED
2023-04-24T23:49:55Z,00:00:12.000,5,SWIM_STROKE_TYPE_UNSPECIFIED
2023-04-24T23:50:46Z,00:00:37.000,11,SWIM_STROKE_TYPE_UNSPECIFIED
2023-04-24T23:51:59Z,00:00:14.000,5,SWIM_STROKE_TYPE_UNSPECIFIED
2023-04-24T23:52:31Z,00:00:32.000,13,SWIM_STROKE_TYPE_UNSPECIFIED
2023-04-24T23:53:47Z,00:00:19.000,7,SWIM_STROKE_TYPE_UNSPECIFIED
2023-04-24T23:54:46Z,00:00:09.000,6,SWIM_STROKE_TYPE_UNSPECIFIED
2023-04-24T23:58:29Z,00:00:12.000,5,SWIM_STROKE_TYPE_UNSPECIFIED
2023-04-25T00:21:16Z,00:00:25.000,9,SWIM_STROKE_TYPE_UNSPECIFIED
2023-04-25T01:59:28Z,00:00:09.000,5,SWIM_STROKE_TYPE_UNSPECIFIED
2023-04-25T02:05:33Z,00:00:08.000,5,SWIM_STROKE_TYPE_UNSPECIFIED
2023-04-25T02:36:37Z,00:00:08.000,5,SWIM_STROKE_TYPE_UNSPECIFIED
2023-04-25T02:40:13Z,00:00:22.000,11,SWIM_STROKE_TYPE_UNSPECIFIED
2023-04-25T02:42:33Z,00:00:25.000,7,SWIM_STROKE_TYPE_UNSPECIFIED
2023-04-25T02:50:41Z,00:00:24.000,7,SWIM_STROKE_TYPE_UNSPECIFIED
2023-04-25T03:06:27Z,00:00:22.000,7,SWIM_STROKE_TYPE_UNSPECIFIED
2023-04-25T03:08:37Z,00:00:14.000,7,SWIM_STROKE_TYPE_UNSPECIFIED
2023-04-25T15:13:38Z,00:00:12.000,6,SWIM_STROKE_TYPE_UNSPECIFIED
2023-04-25T17:41:52Z,00:00:09.000,5,SWIM_STROKE_TYPE_UNSPECIFIED
2023-04-25T17:43:55Z,00:00:24.000,10,SWIM_STROKE_TYPE_UNSPECIFIED
2023-04-25T17:52:07Z,00:00:14.000,9,SWIM_STROKE_TYPE_UNSPECIFIED
2023-04-25T17:54:09Z,00:00:12.000,6,SWIM_STROKE_TYPE_UNSPECIFIED
2023-04-25T17:54:29Z,00:00:16.000,7,SWIM_STROKE_TYPE_UNSPECIFIED
2023-04-25T18:01:08Z,00:00:51.000,21,SWIM_STROKE_TYPE_UNSPECIFIED
2023-04-25T18:02:05Z,00:00:21.000,8,SWIM_STROKE_TYPE_UNSPECIFIED
2023-04-25T18:04:15Z,00:00:07.000,5,SWIM_STROKE_TYPE_UNSPECIFIED
2023-04-25T18:06:18Z,00:00:26.000,12,SWIM_STROKE_TYPE_UNSPECIFIED
2023-04-25T18:06:55Z,00:00:53.000,21,SWIM_STROKE_TYPE_UNSPECIFIED
2023-04-25T18:08:20Z,00:00:25.000,11,SWIM_STROKE_TYPE_UNSPECIFIED
2023-04-25T18:09:56Z,00:00:09.000,5,SWIM_STROKE_TYPE_UNSPECIFIED
2023-04-25T18:10:11Z,00:00:44.000,14,SWIM_STROKE_TYPE_UNSPECIFIED
2023-04-25T18:11:16Z,00:00:09.000,5,SWIM_STROKE_TYPE_UNSPECIFIED
2023-04-25T18:11:55Z,00:00:14.000,6,SWIM_STROKE_TYPE_UNSPECIFIED
2023-04-25T18:13:46Z,00:00:15.000,6,SWIM_STROKE_TYPE_UNSPECIFIED
2023-04-25T18:16:40Z,00:00:22.000,10,SWIM_STROKE_TYPE_UNSPECIFIED
2023-04-25T18:18:18Z,00:00:09.000,5,SWIM_STROKE_TYPE_UNSPECIFIED
2023-04-25T18:20:54Z,00:00:19.000,9,SWIM_STROKE_TYPE_UNSPECIFIED
2023-04-25T18:21:50Z,00:00:13.000,5,SWIM_STROKE_TYPE_UNSPECIFIED
2023-04-25T18:22:20Z,00:00:13.000,6,SWIM_STROKE_TYPE_UNSPECIFIED
2023-04-25T18:23:15Z,00:00:09.000,7,SWIM_STROKE_TYPE_UNSPECIFIED
2023-04-25T18:28:09Z,00:00:12.000,6,SWIM_STROKE_TYPE_UNSPECIFIED
2023-04-25T18:34:51Z,00:00:09.000,5,SWIM_STROKE_TYPE_UNSPECIFIED
2023-04-25T18:35:26Z,00:00:15.000,6,SWIM_STROKE_TYPE_UNSPECIFIED
2023-04-25T18:35:52Z,00:00:31.000,9,SWIM_STROKE_TYPE_UNSPECIFIED
2023-04-25T18:38:04Z,00:00:32.000,6,SWIM_STROKE_TYPE_UNSPECIFIED
2023-04-25T18:38:58Z,00:00:46.000,12,SWIM_STROKE_TYPE_UNSPECIFIED
2023-04-25T18:40:18Z,00:00:26.000,11,SWIM_STROKE_TYPE_UNSPECIFIED
2023-04-25T19:54:47Z,00:00:13.000,5,SWIM_STROKE_TYPE_UNSPECIFIED
2023-04-25T20:16:33Z,00:00:14.000,5,SWIM_STROKE_TYPE_UNSPECIFIED
2023-04-25T20:16:59Z,00:00:25.000,6,SWIM_STROKE_TYPE_UNSPECIFIED
2023-04-25T20:18:19Z,00:00:32.000,11,SWIM_STROKE_TYPE_UNSPECIFIED
2023-04-25T20:22:01Z,00:00:11.000,5,SWIM_STROKE_TYPE_UNSPECIFIED
2023-04-25T20:22:29Z,00:00:12.000,6,SWIM_STROKE_TYPE_UNSPECIFIED
2023-04-25T20:23:43Z,00:00:21.000,8,SWIM_STROKE_TYPE_UNSPECIFIED
2023-04-25T20:24:17Z,00:00:19.000,9,SWIM_STROKE_TYPE_UNSPECIFIED
2023-04-25T20:25:19Z,00:00:16.000,8,SWIM_STROKE_TYPE_UNSPECIFIED
2023-04-25T20:25:42Z,00:00:09.000,6,SWIM_STROKE_TYPE_UNSPECIFIED
2023-04-25T20:25:57Z,00:00:32.000,12,SWIM_STROKE_TYPE_UNSPECIFIED
2023-04-25T20:27:55Z,00:00:31.000,8,SWIM_STROKE_TYPE_UNSPECIFIED
2023-04-25T20:29:35Z,00:00:19.000,7,SWIM_STROKE_TYPE_UNSPECIFIED
2023-04-25T20:30:13Z,00:00:32.000,12,SWIM_STROKE_TYPE_UNSPECIFIED
2023-04-25T20:30:51Z,00:00:12.000,5,SWIM_STROKE_TYPE_UNSPECIFIED
2023-04-25T20:31:17Z,00:00:12.000,6,SWIM_STROKE_TYPE_UNSPECIFIED
2023-04-25T20:33:36Z,00:00:12.000,6,SWIM_STROKE_TYPE_UNSPECIFIED
2023-04-25T20:35:17Z,00:00:12.000,6,SWIM_STROKE_TYPE_UNSPECIFIED
2023-04-25T20:36:05Z,00:00:11.000,6,SWIM_STROKE_TYPE_UNSPECIFIED
2023-04-25T20:36:28Z,00:00:21.000,9,SWIM_STROKE_TYPE_UNSPECIFIED
2023-04-25T20:39:32Z,00:00:10.000,5,SWIM_STROKE_TYPE_UNSPECIFIED
2023-04-25T20:40:24Z,00:00:10.000,5,SWIM_STROKE_TYPE_UNSPECIFIED
2023-04-25T20:41:00Z,00:00:09.000,5,SWIM_STROKE_TYPE_UNSPECIFIED
2023-04-25T20:45:07Z,00:00:11.000,6,SWIM_STROKE_TYPE_UNSPECIFIED
2023-04-25T20:47:18Z,00:00:15.000,5,SWIM_STROKE_TYPE_UNSPECIFIED
2023-04-25T20:47:43Z,00:00:17.000,6,SWIM_STROKE_TYPE_UNSPECIFIED
2023-04-25T20:49:48Z,00:00:20.000,8,SWIM_STROKE_TYPE_UNSPECIFIED
2023-04-25T20:55:56Z,00:00:19.000,10,SWIM_STROKE_TYPE_UNSPECIFIED
2023-04-25T21:17:19Z,00:00:08.000,5,SWIM_STROKE_TYPE_UNSPECIFIED
2023-04-25T21:17:53Z,00:00:14.000,6,SWIM_STROKE_TYPE_UNSPECIFIED
2023-04-25T21:18:14Z,00:00:08.000,5,SWIM_STROKE_TYPE_UNSPECIFIED
2023-04-25T21:22:12Z,00:00:13.000,6,SWIM_STROKE_TYPE_UNSPECIFIED
2023-04-25T21:22:35Z,00:00:08.000,6,SWIM_STROKE_TYPE_UNSPECIFIED
2023-04-25T21:34:13Z,00:00:16.000,6,SWIM_STROKE_TYPE_UNSPECIFIED
2023-04-25T21:37:04Z,00:00:20.000,7,SWIM_STROKE_TYPE_UNSPECIFIED
2023-04-25T21:43:28Z,00:00:18.000,5,SWIM_STROKE_TYPE_UNSPECIFIED
2023-04-25T21:44:45Z,00:00:34.000,10,SWIM_STROKE_TYPE_UNSPECIFIED
2023-04-25T21:46:44Z,00:00:13.000,6,SWIM_STROKE_TYPE_UNSPECIFIED
2023-04-25T21:47:31Z,00:00:30.000,9,SWIM_STROKE_TYPE_UNSPECIFIED
2023-04-25T21:49:03Z,00:00:20.000,5,SWIM_STROKE_TYPE_UNSPECIFIED
2023-04-25T21:49:41Z,00:00:45.000,13,SWIM_STROKE_TYPE_UNSPECIFIED
2023-04-25T21:51:50Z,00:00:17.000,6,SWIM_STROKE_TYPE_UNSPECIFIED
2023-04-25T21:56:55Z,00:00:15.000,5,SWIM_STROKE_TYPE_UNSPECIFIED
2023-04-25T22:07:27Z,00:00:21.000,7,SWIM_STROKE_TYPE_UNSPECIFIED
2023-04-25T22:09:49Z,00:00:14.000,5,SWIM_STROKE_TYPE_UNSPECIFIED
2023-04-25T22:10:42Z,00:00:11.000,6,SWIM_STROKE_TYPE_UNSPECIFIED
2023-04-25T22:11:01Z,00:00:15.000,5,SWIM_STROKE_TYPE_UNSPECIFIED
2023-04-25T22:11:30Z,00:00:28.000,9,SWIM_STROKE_TYPE_UNSPECIFIED
2023-04-25T22:13:57Z,00:00:21.000,6,SWIM_STROKE_TYPE_UNSPECIFIED
2023-04-25T22:16:07Z,00:00:41.000,16,SWIM_STROKE_TYPE_UNSPECIFIED
2023-04-25T22:17:53Z,00:00:10.000,5,SWIM_STROKE_TYPE_UNSPECIFIED
2023-04-25T22:20:51Z,00:00:20.000,6,SWIM_STROKE_TYPE_UNSPECIFIED
2023-04-25T22:21:37Z,00:00:18.000,6,SWIM_STROKE_TYPE_UNSPECIFIED
2023-04-25T22:25:21Z,00:00:08.000,5,SWIM_STROKE_TYPE_UNSPECIFIED
2023-04-25T22:28:53Z,00:00:09.000,5,SWIM_STROKE_TYPE_UNSPECIFIED
2023-04-25T22:34:28Z,00:00:28.000,9,SWIM_STROKE_TYPE_UNSPECIFIED
2023-04-25T22:38:04Z,00:00:21.000,5,SWIM_STROKE_TYPE_UNSPECIFIED
2023-04-25T22:38:35Z,00:00:28.000,6,SWIM_STROKE_TYPE_UNSPECIFIED
2023-04-25T22:39:30Z,00:00:19.000,6,SWIM_STROKE_TYPE_UNSPECIFIED
2023-04-25T22:40:39Z,00:00:28.000,6,SWIM_STROKE_TYPE_UNSPECIFIED
2023-04-25T22:42:55Z,00:00:30.000,10,SWIM_STROKE_TYPE_UNSPECIFIED
2023-04-25T22:45:24Z,00:00:24.000,7,SWIM_STROKE_TYPE_UNSPECIFIED
2023-04-25T22:46:09Z,00:00:32.000,9,SWIM_STROKE_TYPE_UNSPECIFIED
2023-04-25T22:47:45Z,00:00:34.000,13,SWIM_STROKE_TYPE_UNSPECIFIED
2023-04-25T22:51:25Z,00:00:21.000,7,SWIM_STROKE_TYPE_UNSPECIFIED
2023-04-25T22:54:39Z,00:00:36.000,9,SWIM_STROKE_TYPE_UNSPECIFIED
2023-04-25T22:55:46Z,00:00:08.000,5,SWIM_STROKE_TYPE_UNSPECIFIED
2023-04-25T22:58:03Z,00:00:15.000,7,SWIM_STROKE_TYPE_UNSPECIFIED
2023-04-25T23:05:42Z,00:00:10.000,6,SWIM_STROKE_TYPE_UNSPECIFIED
2023-04-25T23:06:33Z,00:00:10.000,5,SWIM_STROKE_TYPE_UNSPECIFIED
2023-04-25T23:06:54Z,00:00:18.000,5,SWIM_STROKE_TYPE_UNSPECIFIED
2023-04-25T23:08:17Z,00:00:35.000,6,SWIM_STROKE_TYPE_UNSPECIFIED
2023-04-25T23:09:21Z,00:00:44.000,8,SWIM_STROKE_TYPE_UNSPECIFIED
2023-04-25T23:12:10Z,00:00:10.000,5,SWIM_STROKE_TYPE_UNSPECIFIED
2023-04-25T23:22:10Z,00:00:15.000,5,SWIM_STROKE_TYPE_UNSPECIFIED
2023-04-25T23:59:31Z,00:00:29.000,10,SWIM_STROKE_TYPE_UNSPECIFIED
2023-04-26T00:00:18Z,00:00:12.000,6,SWIM_STROKE_TYPE_UNSPECIFIED
2023-04-26T02:38:58Z,00:00:19.000,11,SWIM_STROKE_TYPE_UNSPECIFIED
2023-04-26T02:48:20Z,00:00:22.000,6,SWIM_STROKE_TYPE_UNSPECIFIED
2023-04-26T02:48:53Z,00:00:13.000,5,SWIM_STROKE_TYPE_UNSPECIFIED
2023-04-26T17:06:52Z,00:00:15.000,6,SWIM_STROKE_TYPE_UNSPECIFIED
2023-04-26T17:34:36Z,00:00:12.000,6,SWIM_STROKE_TYPE_UNSPECIFIED
2023-04-26T17:57:21Z,00:00:57.000,25,SWIM_STROKE_TYPE_UNSPECIFIED
2023-04-26T17:58:20Z,00:00:09.000,5,SWIM_STROKE_TYPE_UNSPECIFIED
2023-04-26T18:00:08Z,00:00:25.000,10,SWIM_STROKE_TYPE_UNSPECIFIED
2023-04-26T18:00:40Z,00:00:13.000,5,SWIM_STROKE_TYPE_UNSPECIFIED
2023-04-26T18:01:02Z,00:00:25.000,10,SWIM_STROKE_TYPE_UNSPECIFIED
2023-04-26T18:01:49Z,00:00:22.000,8,SWIM_STROKE_TYPE_UNSPECIFIED
2023-04-26T18:02:32Z,00:00:08.000,6,SWIM_STROKE_TYPE_UNSPECIFIED
2023-04-26T18:04:10Z,00:00:17.000,7,SWIM_STROKE_TYPE_UNSPECIFIED
2023-04-26T18:05:34Z,00:00:16.000,5,SWIM_STROKE_TYPE_UNSPECIFIED
2023-04-26T18:06:57Z,00:00:34.000,7,SWIM_STROKE_TYPE_UNSPECIFIED
2023-04-26T18:08:13Z,00:00:26.000,6,SWIM_STROKE_TYPE_UNSPECIFIED
2023-04-26T18:10:24Z,00:00:27.000,11,SWIM_STROKE_TYPE_UNSPECIFIED
2023-04-26T18:12:28Z,00:00:17.000,7,SWIM_STROKE_TYPE_UNSPECIFIED
2023-04-26T18:13:06Z,00:00:30.000,12,SWIM_STROKE_TYPE_UNSPECIFIED
2023-04-26T18:14:24Z,00:00:33.000,8,SWIM_STROKE_TYPE_UNSPECIFIED
2023-04-26T18:15:12Z,00:00:13.000,6,SWIM_STROKE_TYPE_UNSPECIFIED
2023-04-26T18:15:56Z,00:00:12.000,5,SWIM_STROKE_TYPE_UNSPECIFIED
2023-04-26T18:17:04Z,00:00:16.000,6,SWIM_STROKE_TYPE_UNSPECIFIED
2023-04-26T18:17:39Z,00:00:11.000,5,SWIM_STROKE_TYPE_UNSPECIFIED
2023-04-26T18:19:04Z,00:00:26.000,8,SWIM_STROKE_TYPE_UNSPECIFIED
2023-04-26T18:20:44Z,00:00:17.000,8,SWIM_STROKE_TYPE_UNSPECIFIED
2023-04-26T18:21:45Z,00:00:10.000,5,SWIM_STROKE_TYPE_UNSPECIFIED
2023-04-26T23:13:03Z,00:00:08.000,5,SWIM_STROKE_TYPE_UNSPECIFIED
2023-04-26T23:28:39Z,00:00:20.000,5,SWIM_STROKE_TYPE_UNSPECIFIED
2023-04-26T23:30:07Z,00:00:28.000,6,SWIM_STROKE_TYPE_UNSPECIFIED
2023-04-26T23:31:57Z,00:00:27.000,10,SWIM_STROKE_TYPE_UNSPECIFIED
2023-04-26T23:33:20Z,00:00:12.000,5,SWIM_STROKE_TYPE_UNSPECIFIED
2023-04-26T23:35:29Z,00:00:32.000,11,SWIM_STROKE_TYPE_UNSPECIFIED
2023-04-26T23:59:28Z,00:00:14.000,6,SWIM_STROKE_TYPE_UNSPECIFIED
2023-04-27T00:00:41Z,00:00:21.000,9,SWIM_STROKE_TYPE_UNSPECIFIED
2023-04-27T00:01:11Z,00:00:12.000,5,SWIM_STROKE_TYPE_UNSPECIFIED
2023-04-27T00:01:42Z,00:00:24.000,10,SWIM_STROKE_TYPE_UNSPECIFIED
2023-04-27T00:02:20Z,00:00:56.000,24,SWIM_STROKE_TYPE_UNSPECIFIED
2023-04-27T00:33:17Z,00:00:27.000,8,SWIM_STROKE_TYPE_UNSPECIFIED
2023-04-27T00:37:14Z,00:00:21.000,8,SWIM_STROKE_TYPE_UNSPECIFIED
2023-04-27T00:49:46Z,00:00:13.000,6,SWIM_STROKE_TYPE_UNSPECIFIED
2023-04-27T00:52:17Z,00:00:17.000,7,SWIM_STROKE_TYPE_UNSPECIFIED
2023-04-27T01:57:00Z,00:00:24.000,10,SWIM_STROKE_TYPE_UNSPECIFIED
2023-04-27T01:58:25Z,00:00:20.000,6,SWIM_STROKE_TYPE_UNSPECIFIED
2023-04-27T02:00:59Z,00:00:22.000,7,SWIM_STROKE_TYPE_UNSPECIFIED
2023-04-27T02:04:42Z,00:00:36.000,16,SWIM_STROKE_TYPE_UNSPECIFIED
2023-04-27T03:01:58Z,00:00:07.000,5,SWIM_STROKE_TYPE_UNSPECIFIED
2023-04-27T03:05:16Z,00:00:19.000,9,SWIM_STROKE_TYPE_UNSPECIFIED
2023-04-27T03:06:25Z,00:00:14.000,6,SWIM_STROKE_TYPE_UNSPECIFIED
2023-04-27T03:08:34Z,00:00:30.000,14,SWIM_STROKE_TYPE_UNSPECIFIED
2023-04-27T14:44:19Z,00:00:09.000,5,SWIM_STROKE_TYPE_UNSPECIFIED
2023-04-27T15:00:05Z,00:00:11.000,6,SWIM_STROKE_TYPE_UNSPECIFIED
2023-04-27T16:33:22Z,00:00:07.000,5,SWIM_STROKE_TYPE_UNSPECIFIED
2023-04-27T17:48:05Z,00:00:22.000,10,SWIM_STROKE_TYPE_UNSPECIFIED
2023-04-27T17:53:46Z,00:00:13.000,6,SWIM_STROKE_TYPE_UNSPECIFIED
2023-04-27T18:01:49Z,00:00:39.000,12,SWIM_STROKE_TYPE_UNSPECIFIED
2023-04-27T18:02:40Z,00:00:11.000,5,SWIM_STROKE_TYPE_UNSPECIFIED
2023-04-27T18:13:16Z,00:00:25.000,8,SWIM_STROKE_TYPE_UNSPECIFIED
2023-04-27T18:14:30Z,00:00:27.000,8,SWIM_STROKE_TYPE_UNSPECIFIED
2023-04-27T18:15:10Z,00:00:14.000,6,SWIM_STROKE_TYPE_UNSPECIFIED
2023-04-27T18:16:44Z,00:00:32.000,9,SWIM_STROKE_TYPE_UNSPECIFIED
2023-04-27T18:18:11Z,00:00:25.000,8,SWIM_STROKE_TYPE_UNSPECIFIED
2023-04-27T18:18:59Z,00:00:23.000,8,SWIM_STROKE_TYPE_UNSPECIFIED
2023-04-27T18:19:31Z,00:00:15.000,6,SWIM_STROKE_TYPE_UNSPECIFIED
2023-04-27T18:20:27Z,00:00:23.000,10,SWIM_STROKE_TYPE_UNSPECIFIED
2023-04-27T18:21:46Z,00:00:08.000,5,SWIM_STROKE_TYPE_UNSPECIFIED
2023-04-27T18:25:04Z,00:00:16.000,5,SWIM_STROKE_TYPE_UNSPECIFIED
2023-04-27T18:26:47Z,00:00:20.000,6,SWIM_STROKE_TYPE_UNSPECIFIED
2023-04-27T18:28:07Z,00:00:26.000,5,SWIM_STROKE_TYPE_UNSPECIFIED
2023-04-27T18:29:00Z,00:00:52.000,15,SWIM_STROKE_TYPE_UNSPECIFIED
2023-04-27T18:31:50Z,00:00:24.000,7,SWIM_STROKE_TYPE_UNSPECIFIED
2023-04-27T18:33:00Z,00:00:13.000,6,SWIM_STROKE_TYPE_UNSPECIFIED
2023-04-27T18:33:51Z,00:00:14.000,6,SWIM_STROKE_TYPE_UNSPECIFIED
2023-04-27T18:35:16Z,00:00:07.000,5,SWIM_STROKE_TYPE_UNSPECIFIED
2023-04-27T18:38:27Z,00:00:40.000,15,SWIM_STROKE_TYPE_UNSPECIFIED
2023-04-27T18:40:04Z,00:00:10.000,5,SWIM_STROKE_TYPE_UNSPECIFIED
2023-04-27T18:40:26Z,00:00:13.000,5,SWIM_STROKE_TYPE_UNSPECIFIED
2023-04-27T18:41:15Z,00:00:19.000,5,SWIM_STROKE_TYPE_UNSPECIFIED
2023-04-27T18:45:01Z,00:00:35.000,5,SWIM_STROKE_TYPE_UNSPECIFIED
2023-04-27T19:52:22Z,00:00:16.000,6,SWIM_STROKE_TYPE_UNSPECIFIED
2023-04-27T20:25:34Z,00:00:15.000,5,SWIM_STROKE_TYPE_UNSPECIFIED
2023-04-27T21:27:42Z,00:00:08.000,7,SWIM_STROKE_TYPE_UNSPECIFIED
2023-04-27T21:28:23Z,00:00:15.000,8,SWIM_STROKE_TYPE_UNSPECIFIED
2023-04-27T21:31:11Z,00:00:12.000,5,SWIM_STROKE_TYPE_UNSPECIFIED
2023-04-27T21:32:36Z,00:00:16.000,5,SWIM_STROKE_TYPE_UNSPECIFIED
2023-04-28T00:54:13Z,00:00:14.000,6,SWIM_STROKE_TYPE_UNSPECIFIED
2023-04-28T00:57:34Z,00:00:17.000,7,SWIM_STROKE_TYPE_UNSPECIFIED
2023-04-28T00:59:53Z,00:00:17.000,8,SWIM_STROKE_TYPE_UNSPECIFIED
2023-04-28T01:00:34Z,00:00:17.000,9,SWIM_STROKE_TYPE_UNSPECIFIED
2023-04-28T01:12:52Z,00:00:10.000,5,SWIM_STROKE_TYPE_UNSPECIFIED
2023-04-28T04:53:30Z,00:00:20.000,7,SWIM_STROKE_TYPE_UNSPECIFIED
2023-04-28T05:43:29Z,00:00:10.000,5,SWIM_STROKE_TYPE_UNSPECIFIED
2023-04-28T14:30:20Z,00:00:13.000,10,SWIM_STROKE_TYPE_UNSPECIFIED
2023-04-28T14:36:24Z,00:00:17.000,6,SWIM_STROKE_TYPE_UNSPECIFIED
2023-04-28T14:39:01Z,00:00:20.000,6,SWIM_STROKE_TYPE_UNSPECIFIED
2023-04-28T14:52:13Z,00:00:18.000,6,SWIM_STROKE_TYPE_UNSPECIFIED
2023-04-28T14:52:44Z,00:00:15.000,10,SWIM_STROKE_TYPE_UNSPECIFIED
2023-04-28T15:06:05Z,00:00:10.000,5,SWIM_STROKE_TYPE_UNSPECIFIED
2023-04-28T15:09:07Z,00:00:25.000,11,SWIM_STROKE_TYPE_UNSPECIFIED
2023-04-28T15:15:05Z,00:00:15.000,5,SWIM_STROKE_TYPE_UNSPECIFIED
2023-04-28T15:16:57Z,00:00:25.000,6,SWIM_STROKE_TYPE_UNSPECIFIED
2023-04-28T15:26:10Z,00:00:21.000,5,SWIM_STROKE_TYPE_UNSPECIFIED
2023-04-28T16:54:36Z,00:00:25.000,11,SWIM_STROKE_TYPE_UNSPECIFIED
2023-04-28T16:57:55Z,00:00:18.000,7,SWIM_STROKE_TYPE_UNSPECIFIED
2023-04-28T17:05:44Z,00:00:08.000,5,SWIM_STROKE_TYPE_UNSPECIFIED
2023-04-28T17:06:58Z,00:00:12.000,6,SWIM_STROKE_TYPE_UNSPECIFIED
2023-04-28T17:14:23Z,00:00:10.000,5,SWIM_STROKE_TYPE_UNSPECIFIED
2023-04-28T17:15:49Z,00:00:21.000,5,SWIM_STROKE_TYPE_UNSPECIFIED
2023-04-28T17:17:30Z,00:00:16.000,5,SWIM_STROKE_TYPE_UNSPECIFIED
2023-04-28T17:19:05Z,00:00:16.000,6,SWIM_STROKE_TYPE_UNSPECIFIED
2023-04-28T17:20:16Z,00:00:24.000,9,SWIM_STROKE_TYPE_UNSPECIFIED
2023-04-28T17:23:41Z,00:00:19.000,8,SWIM_STROKE_TYPE_UNSPECIFIED
2023-04-28T17:24:36Z,00:00:19.000,7,SWIM_STROKE_TYPE_UNSPECIFIED
2023-04-28T17:34:26Z,00:00:18.000,6,SWIM_STROKE_TYPE_UNSPECIFIED
2023-04-28T17:43:53Z,00:00:18.000,5,SWIM_STROKE_TYPE_UNSPECIFIED
2023-04-28T22:59:02Z,00:00:16.000,7,SWIM_STROKE_TYPE_UNSPECIFIED
2023-04-28T23:14:16Z,00:00:13.000,6,SWIM_STROKE_TYPE_UNSPECIFIED
2023-04-28T23:19:40Z,00:00:11.000,5,SWIM_STROKE_TYPE_UNSPECIFIED
2023-04-28T23:20:34Z,00:00:33.000,13,SWIM_STROKE_TYPE_UNSPECIFIED
2023-04-28T23:21:25Z,00:00:52.000,20,SWIM_STROKE_TYPE_UNSPECIFIED
2023-04-28T23:22:49Z,00:00:18.000,8,SWIM_STROKE_TYPE_UNSPECIFIED
2023-04-28T23:23:24Z,00:00:12.000,6,SWIM_STROKE_TYPE_UNSPECIFIED
2023-04-28T23:24:39Z,00:00:24.000,14,SWIM_STROKE_TYPE_UNSPECIFIED
2023-04-28T23:25:43Z,00:00:14.000,8,SWIM_STROKE_TYPE_UNSPECIFIED
2023-04-28T23:26:07Z,00:00:18.000,7,SWIM_STROKE_TYPE_UNSPECIFIED
2023-04-28T23:27:06Z,00:00:26.000,13,SWIM_STROKE_TYPE_UNSPECIFIED
2023-04-28T23:30:28Z,00:00:13.000,6,SWIM_STROKE_TYPE_UNSPECIFIED
2023-04-28T23:30:47Z,00:00:16.000,8,SWIM_STROKE_TYPE_UNSPECIFIED
2023-04-28T23:32:40Z,00:00:10.000,5,SWIM_STROKE_TYPE_UNSPECIFIED
2023-04-28T23:40:59Z,00:00:12.000,5,SWIM_STROKE_TYPE_UNSPECIFIED
2023-04-28T23:41:20Z,00:00:12.000,5,SWIM_STROKE_TYPE_UNSPECIFIED
2023-04-28T23:41:40Z,00:00:10.000,5,SWIM_STROKE_TYPE_UNSPECIFIED
2023-04-28T23:42:50Z,00:00:24.000,9,SWIM_STROKE_TYPE_UNSPECIFIED
2023-04-28T23:45:03Z,00:00:11.000,5,SWIM_STROKE_TYPE_UNSPECIFIED
2023-04-28T23:45:49Z,00:00:26.000,10,SWIM_STROKE_TYPE_UNSPECIFIED
2023-04-28T23:46:22Z,00:00:15.000,5,SWIM_STROKE_TYPE_UNSPECIFIED
2023-04-28T23:46:52Z,00:00:19.000,6,SWIM_STROKE_TYPE_UNSPECIFIED
2023-04-28T23:47:42Z,00:00:27.000,8,SWIM_STROKE_TYPE_UNSPECIFIED
2023-04-28T23:49:04Z,00:00:15.000,6,SWIM_STROKE_TYPE_UNSPECIFIED
2023-04-28T23:49:40Z,00:00:32.000,10,SWIM_STROKE_TYPE_UNSPECIFIED
2023-04-28T23:50:31Z,00:00:21.000,6,SWIM_STROKE_TYPE_UNSPECIFIED
2023-04-28T23:51:44Z,00:00:08.000,6,SWIM_STROKE_TYPE_UNSPECIFIED
2023-04-28T23:54:46Z,00:00:16.000,7,SWIM_STROKE_TYPE_UNSPECIFIED
2023-04-28T23:55:40Z,00:00:13.000,5,SWIM_STROKE_TYPE_UNSPECIFIED
2023-04-28T23:56:15Z,00:00:18.000,5,SWIM_STROKE_TYPE_UNSPECIFIED
2023-04-28T23:57:41Z,00:00:51.000,16,SWIM_STROKE_TYPE_UNSPECIFIED
2023-04-28T23:59:31Z,00:00:14.000,6,SWIM_STROKE_TYPE_UNSPECIFIED
2023-04-29T00:00:20Z,00:00:14.000,5,SWIM_STROKE_TYPE_UNSPECIFIED
2023-04-29T00:00:54Z,00:00:16.000,5,SWIM_STROKE_TYPE_UNSPECIFIED
2023-04-29T00:01:28Z,00:00:12.000,6,SWIM_STROKE_TYPE_UNSPECIFIED
2023-04-29T00:01:59Z,00:00:14.000,6,SWIM_STROKE_TYPE_UNSPECIFIED
2023-04-29T00:07:10Z,00:00:20.000,7,SWIM_STROKE_TYPE_UNSPECIFIED
2023-04-29T00:08:11Z,00:00:39.000,16,SWIM_STROKE_TYPE_UNSPECIFIED
2023-04-29T00:11:53Z,00:00:18.000,6,SWIM_STROKE_TYPE_UNSPECIFIED
2023-04-29T00:14:13Z,00:00:25.000,11,SWIM_STROKE_TYPE_UNSPECIFIED
2023-04-29T00:15:41Z,00:00:13.000,6,SWIM_STROKE_TYPE_UNSPECIFIED
2023-04-29T00:18:46Z,00:00:10.000,5,SWIM_STROKE_TYPE_UNSPECIFIED
2023-04-29T00:22:11Z,00:00:18.000,5,SWIM_STROKE_TYPE_UNSPECIFIED
2023-04-29T00:22:49Z,00:00:20.000,9,SWIM_STROKE_TYPE_UNSPECIFIED
2023-04-29T00:24:14Z,00:00:10.000,6,SWIM_STROKE_TYPE_UNSPECIFIED
2023-04-29T00:27:10Z,00:00:16.000,5,SWIM_STROKE_TYPE_UNSPECIFIED
2023-04-29T00:27:46Z,00:00:17.000,5,SWIM_STROKE_TYPE_UNSPECIFIED
2023-04-29T00:28:49Z,00:00:28.000,9,SWIM_STROKE_TYPE_UNSPECIFIED
2023-04-29T00:32:17Z,00:00:26.000,8,SWIM_STROKE_TYPE_UNSPECIFIED
2023-04-29T00:33:01Z,00:00:24.000,7,SWIM_STROKE_TYPE_UNSPECIFIED
2023-04-29T00:33:47Z,00:00:17.000,6,SWIM_STROKE_TYPE_UNSPECIFIED
2023-04-29T00:34:29Z,00:00:22.000,6,SWIM_STROKE_TYPE_UNSPECIFIED
2023-04-29T00:36:02Z,00:00:24.000,11,SWIM_STROKE_TYPE_UNSPECIFIED
2023-04-29T01:24:33Z,00:00:16.000,8,SWIM_STROKE_TYPE_UNSPECIFIED
2023-04-29T03:11:09Z,00:00:12.000,5,SWIM_STROKE_TYPE_UNSPECIFIED
2023-04-29T03:12:28Z,00:00:10.000,7,SWIM_STROKE_TYPE_UNSPECIFIED
2023-04-29T03:12:55Z,00:00:20.000,8,SWIM_STROKE_TYPE_UNSPECIFIED
2023-04-29T03:20:38Z,00:00:20.000,5,SWIM_STROKE_TYPE_UNSPECIFIED
2023-04-29T03:21:39Z,00:00:24.000,5,SWIM_STROKE_TYPE_UNSPECIFIED
2023-04-29T03:26:36Z,00:00:32.000,5,SWIM_STROKE_TYPE_UNSPECIFIED
2023-04-29T04:05:12Z,00:00:12.000,5,SWIM_STROKE_TYPE_UNSPECIFIED
2023-04-29T19:09:48Z,00:00:09.000,5,SWIM_STROKE_TYPE_UNSPECIFIED
2023-04-29T23:58:42Z,00:00:09.000,5,SWIM_STROKE_TYPE_UNSPECIFIED
2023-04-30T02:48:14Z,00:00:12.000,5,SWIM_STROKE_TYPE_UNSPECIFIED
2023-04-30T03:02:34Z,00:00:10.000,9,SWIM_STROKE_TYPE_UNSPECIFIED
2023-04-30T03:04:12Z,00:00:26.000,9,SWIM_STROKE_TYPE_UNSPECIFIED
2023-04-30T03:05:15Z,00:00:13.000,6,SWIM_STROKE_TYPE_UNSPECIFIED
2023-04-30T06:26:28Z,00:00:10.000,5,SWIM_STROKE_TYPE_UNSPECIFIED
2023-04-30T18:36:58Z,00:00:22.000,13,SWIM_STROKE_TYPE_UNSPECIFIED
2023-04-30T20:25:02Z,00:00:19.000,11,SWIM_STROKE_TYPE_UNSPECIFIED
2023-04-30T23:40:07Z,00:00:09.000,5,SWIM_STROKE_TYPE_UNSPECIFIED
2023-04-30T23:43:00Z,00:00:16.000,5,SWIM_STROKE_TYPE_UNSPECIFIED
